,text,label
0,text,label
1, ุดูุฑ ุฅูุชุฑูุช ููู ,data_offer
2, ุงูุง ุนูุฏู ุดุฑูุญุง ุงุฑูุจุง ุฏุงูุฑ ุงุบูุจู ุฏุงุชุง ูููู ,voice_offers
3, ูุงูู ุงูุนุฑูุถ ุงูุฌุฏูุฏุฉ ุ ,data_offer
4, ุจุณุงู ูู ุฌูุงุฒ wifi 4G  ููุดุท ููุฏุฉ ุณูุฉ ุจููู ูู ,data_offer
5, ุงูุง ุฏุงูุฑ ุงุนุฑู ููู ุงูุดุท ุจุงูุดูุฑ ,data_offer
6, ููู ุงุดุชุฑู ูู ุญุฒูุฉ 10 G ูู ุงู4G ,data_offer
7, ุจุงูุง ุงูุดุจูุฉ ุนูุฏู ุดุจุจุจุจุจุจู ูุนุฏููุฉ  ูุงุฎ ุงูุง ูููููู ููู ุจูุนู ุงูุนุฑุถ ุงูุฐูุจู ูุงูุบุฑูุจุฉ ุดุจูุฉ ูุงู ููุงุงุงุงุงุงุงุฆู ,complaint
8, ูููู ุงุณุฃู ุนู ุณุฑุนุฉ ุงูุงูุชุฑูุช ุงูุฐูุจู ุฏุง ููุุุ   ,data_offer
9, ุทููููุจ ู ุงุฏูู  ุงูุง ุนุงูุฒ ูู ุฌูุงุฒ ูุงู ูุงู ูููู  ูููู ุชูุฑููู ุงูุนุฑูุถ ูุงูุงุณุนุงุฑ ูุงูุณุฑุนุฉ  ูุงุนุชุฐุฑ ุฌุฏุง ุน ุงูุงุทุงูุฉ  ,data_offer
10, ุฏูู ูุนูู ู ูุญุฏูุฏุงุช๐ณ๐ณ    ุุุุุุุ ,data_offer
11, ูููู ุชูุฑููู ูุงุงุงูุฉ ุงูุนุฑูุถ ุจุชุงุนุฉ ุดุฑูุญุฉ ุงูุจูุงูุงุช ูุงุณุนุงุฑูุง ,data_offer
12, ุนุงูุฒ ุงููู ุงูุฎุฏูุฉ ุจุชุงุนุช ุณูููู ,voice_offers
13, ุจุณุฃู ุนู ุนุฑูุต ุงูููุงููุงุช ุงูููููุฉ ูุดุฑูุญุฉ ุงู ุชู ุงู ููุง  ูููู ุชูุฑููู ุงูุนุฑูุถ ูุงุณุนุงุฑูุง ,voice_offers
14, ุนุงูุฒ ุงุนุฑู ุงูุนุฑูุถ ุจุชุงุนุช ูุฑุงูุจ ุงูุณุชุฑุง,voice_offers
15, ูุจุชุงุน ููุงุฑู ุณุนูุฏ ,voice_offers
16, ูุงูุนุฑุถ ุจุชุงุน ุณุงุนุชูู ุบูุฑ ูุญุฏูุฏุงุช ุฎูุงู ุงูููู ,data_offer
17, ุนุงูุฒ ุงุนุฑู ุงููุฑุงูุฒ ุจุชุงุนุชูู ู ุงูููุงูุงุช ุจุชูุชุญ ุงูุณุงุนุฉ ูู.ุ ,service_centers
18, ูู ุนุงูุฒ ุงุนุฑู ูุชุจูู ูู ูู ูู ุงูุงูุชุฑูุช ุงููููู ู ุดุฑูุญุฉ ุงูุจูุงูุงุช ุงูุฎุท ุงุนูู ุดููุุ ,data_offer
19, ุนูุฏู ุดุฑูุญุฉ ุจูุงูุงุช ุฎุท ุจุงุณู ูุญูุฏ ุนุจุฏ ุงูุญููุฏ ูุญูุฏ  ุนุงูุฒ ุงุนุฑู ูุงุชูุฑุชู ุงูุดูุฑูุฉ ูู,voice_offers
20, ุฑุณูุชุง ุงูุฑูู ุงููุทูู    ูู ุงูุดุฑูุญุฉ ุฑูููุง ุงุฏุงูู ุงูุชุณุฌูู ุบูุฑ ูุทุงุจู ูุทูุนุชุง ุจุฏู ูุงูุฏ ูุจู ูุฏุง ุจู ุจูุงูุงุชู ุนุงูุฒ ุงุณุชูุณุฑ ุงููุดููู ุดูู ูู ุณูุญุชู ,complaint
21, ุจุชุฏูู ุบูุฑ ูุณุฌู ูู ุงูุดุจูู  ,complaint
22, ุชููู ุชุญููู ุงูููุฏูููุงุช ุนูุฏู ูู ุงูุณ  ููุดุทู ุงูุจุงูู ุงูุฐูุจูู ุงูุดูุฑูู ุดุฑูุญู ุจูุงูุงุช ูู ุงูุชูุช ุงูููุบุงุจูุชุงุช ููู ุงูุชุตูุญ ููุฌูุฏ ,complaint
23, ุจุณุฅู ุนู ุฎุฏูุงุช ุงูุดูุฑ  Mujahid Aljili:   ุงูุฌูู ุงูุฑุงุจุน ,data_offer
24, ูููู ุณุนุฑ ุดุฑูุญุฉ ุงูุจูุงูุงุช ,data_offer
25, ุจุณ ูููู ุงุนุฑู ูููุฒุงุช ุดุฑูุญุฉ ุงูุจูุงูุงุช ููู ุงูุนุงุฏูุฉ ,my_sim
26, ูููู ุชุชุงูุฏู ูู ูู ุงูุดุฑูุญุฉ ุฏุง ุงูุง ูุง ูุชุงูุฏ ูููุง ,my_sim
27, ูู ุฏุงูุฑ ุงูุดุท ูุงูุญุฏูุฏ ุงูุจูุงุชููู ุงุถุบุท * ููุ ,data_offer
28, ุนุงูุฒ ุงูุดุท ุจุงูุช ุงูุงูุชุฑ ูุช ุงูุฒูุจู ูู ุดูุฑ,data_offer
29, ุฏุงูุฑ ุงูุดุท ุงูุจุงูุฉ ุงูุดูุฑูุฉ ุงูุฒูุจูุฉ,data_offer
30, ููู ูููู ุงุนุฑู ูู ูุถู ูู ูู ุงูุจุงูุฉ,data_offer
31, ุงููุช ุนูุฏู ุถุนูู    ูุงู ุดุบุงู ูููุณ ุจุณ ุญุณู ุถุนูู ุดุฏูุฏ,complaint
32, ุงูุงูุช ูู ููู ูู ุงูุณุงุนุฉ 8 ูู 12 ุจูุจูุง ุชููู ,complaint
33, ุจุณ ูู ุณูุญุช ุญุฌู ุงูุจุงูุฉ ุงููููู ูู ููุฌุง  ,data_offer
34, ูููู ุชุนุฑูู ูู ุงูุดุฑูุญุฉ ุฏู ุจูุงูุงุช ููุง ุนุงุฏูู ///////////////////////////////////////// ,my_sim
35, ููู ุงุนุฑู ุฑูู ุงูุดุฑูุญุฉุ ,my_sim
36,  ูููู ุงุนุฑู ูู ุฎุฏูุงุช ุงููุงูุญุฏูุฏ ุงูุดูุฑูุฉ ูููู ุชุชูุนู ูู ุงูุดุฑูุญุฉ ุงูุนุงุฏูุฉ ููุง ูุง,data_offer
37, ูู ุฎุฏูุฉ ุงููุฌุงู ูููุช ูุนุงู ,complaint
38, ุนูุฏู ุดุฑูุญุฉ ุฏุงุชุง ุงู ุชู ุฅู ููุดุทุช ูููุง ุฎูุณุฉ ูููุง ุจุณ ุจุชุดุชุบู ูุนุงู ููุณ ุจูู ููุท ูุนูู ูู ุฎุดูุช ุงูููุชููุจ ูุง ุจุดุชุบู ูุนุงู ! ููู ุจุถุจุทูุงุุ ,data_offer
39,  ุนููุช ุชุญุฏูุซ ูุฌูุงุฒู ุณุงูุณููุฌ ูููู ูุชุญ ุจุฏููู ุบูุฑ ูุณุฌู ุจุงูุดุจูุฉ ,complaint
40, ูุฏู ูุบูุฉ ูุณุฌูุฉ ุนูุฏู ููู ูููู ุงุนูููุง ูุบูุฉ ูุชุตู ..ูุนูู ููุง ูุชุตู ุนูู ุดุฎุต ูุณูุน ูุฐู ุงููุบูุฉ ..ุ ,voice_offers
41,  ูููู ุงููุงุฏ ุฌููุน ุงูุฎุฏูุงุช ุงูุตูุชูู,voice_offers
42,  ุจุณุฃู ูู ุนูุฏูู ูุฑุน ุดุบุงู ุงูููู ุงูุฌูุนุฉ ,service_centers
43,  ุจุณุฃู ุนู ุงู ูุฑุน ูู ุงูุนุงุตูุฉ ุงููุซูุซุฉ ูููู ุดุบุงู ุงูููู ุงูุฌูุนู ,service_centers
44,  ุนูุฏู ุดุฑูุญุฉ ุฏุงุชุง ุฏุงูุฑ ุงุญูููุง ุฎุท. ุฏุงูุฑ ุงุนุฑู ูุธุงู ุงูุฏุงุชุง ุฎุท ุฏู ููู ,my_sim
45,  ูู ุงูุดุฑุงุฆุญ ูุงุฌูุฒุฉ ุงููุงู ูุงู ูู ุงูููุงูู ุนุงููุฉ ูู ุณูููุงู  ุงููุช ูุง ูุนูู ,complaint
46,  ุนูุฏู ุดุฑูุญุฉ ุฃูุงูุช ุดุบุงู ูุงุณู ููู ุฌูุช ุฑูุจุชูุง ูุง ูุฑุฃุฉ ูุนุงู ุนุงูุฒ ุฃูุดุทูุง ,my_sim
47,  ุฎุฏูุฉ ูุช ูู ููู 1ูููุงููุฏุฉ ุดูุฑ ุดุฑูุญุฉ ุฏูุน ููุฏู ,data_offer
48,  ุชุบูุฑ ูู ุฏูุน ููุฏู  ููุฎุท ,my_sim
49,  ูุงุฎ ุงูุดุจูุฉ ุทุงุดุฉ ูุงูุงูุชุฑูุช ูุงุทุน ูููู ููููู ุงูููุทูุฉ ุงูุฌุฒูุฑุฉ ุงูุญุตุงุญูุตุง ู ุฑููู ุงูุญุตุงุญูุตุง,complaint
50,  ุงูููู ุชู ุญุธุฑ ุงูุดุฑูุญ ูุฑุฉ ุงุฎุฑุฉ ,complaint
51,  ููู ุจุญูู ุงูุฏูุงูู ูููุบุง ูู ุงูุนุฑุถ ุญู ุนูู ูููู ,voice_offers
52,  ุงูุดุจูู ุงูุงูุงู ุฏู ุชุนุจุงูุฉ ุดุฏูุฏ ,complaint
53,  ุฎุฏูู ุงูุฏุง ุงูุจุงูุงุช ูุงุณุบุงูู ,complaint
54,  ุชุญููู ุงูุฑุตูุฏ ุนูุฏูู ููุดููู ูุจูุฑู ูู ุนุงูุฒ ุฃุญูู ุงู ุชู ู ุฑุตูุฏ ููุฃูู ุงูุงูฅูู ูู ุงูููู ูููู ุฌููู ููู ุบูุท ูุงู ุณูุฏุงูู ูุงุฑูุจุง ูููู ุงูู ุฌููู  ุฌููุน ุงููุงุณ ููุฑูู ุงุฑูุจุง ุจุงูุทุฑููู ููุงููุด ุญุฏ ูุญุจ ูุญููู ูููู ุฑุตูุฏ ุงู ุชู ู ุงุนูููุง ูุฑุงุฌุนู ุชุชุญูู ุงูู ูุงูู ูุงููุจูุบ ูุฐูุฏ ูุฃูู ูู ุงูููู ุฑุงุงู ูููุงุทู ุณูุฏุงูู ุงูุชูููุฏ  ุจุทุงู ,complaint
55,  ุจุณุงู ูู ุงูุฑุจ ููุชุจ ุดุบุงู ูู ุงูููุงููุฉ ,service_centers
56, ุจุญุงูู ุงุญูู ุฑุตูุฏ ูู ุดุฑูุญุชู ู ุจุธูุฑ ูู ุงูู ุงุชุฌุงูุฒุช ุงูุญุฏ ุงููุณููุญ ููู ููุชุญููู ูุน ุงูู ูุง ุญููุช ูููุง ุฑุตูุฏ ุงูููู ,my_sim
57,  ุนุงูุฒุฉ ุงุญูู ุดุฑูุญุฉ ุงูุฏุงุชุง ูุฎุท ,my_sim
58,  ูุฉ ุงุดุชุฑุงู ุงููุช ูุฏุฉ ุดูุฑ ูู ููู 5/5 ุจุณ ูู ุงูุณ ุจุงูููู ุงููุช ูุทุน ุงุถุทุฑูุช ุงูุนู 20ูููุงุจุงูุช ุญุชู ุงุดุชุบู ,complaint
59,  ุงูุญุงุตู ุดูู  ูุง ูููู ูู ูุฑุฉ ุงุดุชุฑู ู ุงูุงุดุชุฑุงู  ููุชูู ูู ุนุดุฑุฉ ู ูุง ูกูฅ ููู ,complaint
60, ุดุฑูุญุชู ู ุจุชุฌูู ูู ุงูุฑุตูุฏ ุงููุง  ุชุงูู ูู ู ุงุชุตู ุจููุง ุงูุฌูุงุฒ ุจุนูู  ุชุงูุช ู ูุงุนุฏูู ุงุฌูุจู ูู ุฑุณุงุฆู ุงูุชูุงุก ุฎุฏูุฉ ุงูุงูุชุฑูุช ,complaint
61, ุฏุงูุฑ ุงุชุงูุฏ ูู ุงูุฑูู ุฏุง ูุณุฌู ููุง ูุง  ,my_sim
62,  ูู ู ุงุญู ุงูุนู ุงูููุฏ *39*9# ุจููู ูู ุงููุณูุณุชู ูุดุบูู ,complaint
63,  ุนูุฏู ูุดููุฉ  ูุฑุช ุงูุดุญู ูููู ุงุฑุจุนุฉ ุงุฑูุงู ุงูุงููู ู ุธุงูุฑู ,complaint
64,  ุนูุฏู ุดุฑูุญุฉ ุงุดุชุฑูุชูุง ูุจู ููููู  ูุงู ูู ุงููุง ููุนูุฉ ุฌุงูุฒู ุจุณ ูู ุฑุฌุนุช ุงูุจูุช ูููุชุฉ ู ุดุบุงูุฉ ,complaint
65,  ุฏุงูุฑ ุดุฑุฆุญู ุฏุงุชุง ููู ุจูุงูููุง ,my_sim
66,  ูููู ุชุดุฑุญ ูู ูุงููู ุงูุงุณุชุฎุฏุงู ุงูุนุงุฏู ุฏุง,data_offer
67,  ุฌูุงุฒ ุงููุงู ูุงู ุจูู,data_offer
68, ุงุณูุน ุงูุง ุฏุงูุฑ ุงูุดุท ุจุงูุฉ ุงููกG ูุงูู ุงูู ุงุญุงูู ุงูุดุท ุจูุฌูุจู ูู ููุฏ ุชู ุชูุนูู ุงูุนุฑุถ ูุณุจูุง ูุงูุง ูุง ูุดุท ุงุตูุง ูุดูุฑุง ,complaint
69,  ุจุณุฃู ูู ุงูุดุฑุงุฆุญ ,my_sim
70,  ูุฏู ุฑูู ุงุฑูุจุง ููุช ููุฒูู ุจูู ูู ุงุจูููุดู ูุทูุนุชู ูุงุดุชุบูุช ุจุดุฑูุญู ุณูุฏุงูู ููุงูุชุฑูุช   ูุชุฑู ูุฏู  ุจุณ ุงุณู ุฏุฎูุชูุง ุนุดุงู ุงููุงุชุณ ุจุชุงุนู ุงุชูุณุญ ุงุฑุฌุนู ุจููุณ ุงูุฑูู ู ุจุชุฌููู ูุณุฌุงุช ููุง ููุงููุงุช ,complaint
71,  ูุฑุจ ูุฑูุฒ ููู  ุงูุง ูุจุญุฑู ,service_centers
72,  ูููู ุงุณุฌู ุงูุจูุงูุงุช ุจุงูุงุชุตุงู ุน111? ,my_sim
73,  ูููู ุงุชุงูุฏ ุงุฐุง ุดุฑูุญุชู ุงุชุณุฌูุช ุงู ูุง ,my_sim
74,  ุงุนุฑู ุฑูู ุดุฑูุญู ุงูุฏุงุชุง ููู,my_sim
75,  ุงูุดุฑูุญู ู ูุฑุช,complaint
76,  ุจุทุฆ ุงูุงูุชุฑูุช ูุดุฑูุญู ุงูุฏุงุชุง ,complaint
77,  ุดุฑูุญุชู ู ุจุณุชูุจู ุฑุณุงุฆู ูุง ุชุฑุณู ,complaint
78,  ุนุงูุฒุง ุงุณุฌู ุดุฑูุญู ุจุฏู ูุงูุฏ ,my_sim
79,   ุนูุฏู ุดุฑูุญู ุงุฑุจูุง ุนุงูุฒ ุงุณุฌููุง ุจุณ ุงูุฑูู ุงููุณูุณู ู ูุนู ูููู ุชุณุฌู ,my_sim
80,  ุจุณุชูุณุฑ ููู ุงูุบู ุฎุฏูุฉ ุงุณุชูุงู ุงูุฑุตูุฏ ,my_sim
81, ุฏุงูุฑ ุงุณุงู ูู ุฎุฏูุฉ ุชูุฑูู ุงูุงุชุตู ุนููู ููู ูููู ุงูุชูููู ููููู ,voice_offers
82,  ุงูุง ููุดุท 500 ู ุดุจูุชูู ุทุงุดุฉ ูุณู ุฎุฏูุชู ุชุฑูุญ ุณุงู,complaint
83,  ุดุจูุชูู ุงูุงูุงู ุฏู ูุนุจุฉ ุดุฏูุฏ ูู ูุณูุง ,complaint
84,  ูุดููุฉ ูู ุดุจูุฉ ุงูุงูุชุฑูุช ุจุทูุฆุฉ ุฌุฏุง ,complaint
85,  ุนูุฏู ูุดููุฉ ูู ุงูุงูุชุฑูุช ูู ุงูุตุจุงุญ ู ุงุชุตูุชู ุนูู ุฎุฏูุฉ ุงูุนููุงุก ูุงูู ูู ุชู ุชุญููู ุงููุดููุฉ ูููุณู ุงูุชููู ุงูููุงู ุฏุง ุงูุณุงุนุฉ 12 ู ูุญุฏู ูุณู ูุง ุฑุฌุนุช ูุง ุฑูุช ุชุฑุงุฌุน ุงููุดููุฉ ุฏู ูุชูุชูู ุจุงูููุถูุน ุงูุชุฑ ูุงูู ุนูุฏู ุดุบู ูุงูู ุนูููุง  ู ุฏุง ุฑูู ุงูุดุฑูุญุฉ ุงููููุง ุงููุดููุฉ,complaint
86,  ุนูุฏู ูุดููุฉ ูููุง 4 ุงูุงู ูู ุงูุงูุชุฑูุช ,complaint
87,  ุจุณุฃู ูู ุณุนุฑ ุงูุดุฑูุญุฉ ุงูุฏุงุชุง ู ุงูุชูุดูุท ุงูุดูุฑู ุจูู ,my_sim
88,  ุนูุฏู ุดุฑูุญุฉ ุจูุงูุงุช ูุง ุจุชูุจู ุฑุตูุฏ ููู ุงุญูู ูููุง,complaint
89,  ูุงูู ุนุฑูุถ ุงูุงูุชุฑูุช ูุดุฑุงุฆุญ ุงูุจูุงูุงุช ,data_offer
90,  ูุงูู ุชูุงุตูู ุงูุจุงูุฉ ุงูุฐูุจูุฉ ,data_offer
91,  ูุงูู ุงูุญุตุฉ ุงููููููุ ,data_offer
92,  ุงูู ุชูุฌุฏ ูุฑูุนูู ูู ุงู ุฏุฑูุงู,service_centers
93,  ูุฏู ุดุฑูุญุฉ ุฏุงุชุง ุงุฑูุฏ ุดุญููุง ุจุงูุฑุตูุฏ ูุงูู ุงูุทุฑููุฉ ,voice_offers
94,  ูู ุงูุนุฑุถ ุงููููู ูุดุฑุงุฆุญ ุงูุฏุงุชุง ููุชูู ุจุนุฏ 24 ุณ ูู ุงูุชูุนูู ุงู ุจุญููู 12 ุ ,data_offer
95,  ุงูุณูุงู ุนูููู ูุฏู ุดุฑูุญุฉ ุฏุงุชุง ุงุฑูุฏ ูุนุฑูุฉ ุงููููุงุจุงูุช ุงูููุฌูุฏุฉ ุจูุง ุ ,data_offer
96,  ููู ุงุฐุง ุงุฑุฏุช ูุนุฑูุฉ ุงููุชุจูู ูู ุงูุญุตุฉ ุงููููููุ,data_offer
97,  ุนูุฏู ุดุฑูุญุฉ ุจูุงูุงุช ุงุฎุชูุช ุนูุงูู ุงูุดุจูู ูู ุงูุณ ูููู ุงุนุฑู ุงูุณุจุจ ,complaint
98,  ุนูุฏู ุดุฑูุญุฉ ุจูุงูุงุช ุงุฑูุฏ ุงููุงููุง ูุคูุชุง ูุฃููู ูุณุงูุฑุฉ ุฎุงุฑุฌ ุงูุจูุงุฏ ,voice_offers
99,  ูู ุณูุญุช ูุงุชูุฌุฏ ูุฏู ุงุดุงุฑุฉ ุงูุชุฑูุช,complaint
100,  ูุจุงูุฉ ูู ููู ูููุง ูู ุณุนุฑูุงุ,data_offer
101,  ูุง ุงููุฑู ุจูู ุงูุจุงูุฉ ุงูุฐูุจูุฉ ูุงูุจุงูุฉ ุงูุจูุงุชูููุฉ ,data_offer
102,  ูู ุณูุญุชู ูุงูู ูุดููุฉ ุชูุทุน ุงูุฎุฏูู ุงููุณูุชุฑ ,complaint
103,  ูู ูููููู ุฒูุงุฏุฉ ุงูุณุนู ุงูููููู ,data_offer
104,  ุงุฑูุฏ ุชุฑููุฉ ุงุดุชุฑุงูู ,data_offer
105,  ุชูุงุตูู ุงูุจุงูุฉ ุงูุจูุงุชูููุฉ   ูุงูู ุงูุณุนุฉ ุงูููููุฉ ,data_offer
106,  ูุฏู ุดุฑูุญุฉุฏุงุชุง ูู ูุชู ุชูุนูููุง ,complaint
107,  ูุฏู ุดุฑูุญู ูู ุชูุนู  ูููุง ุงูุชุฑ ูู ูขูค ุณุงุนู ,complaint
108,  ุงูุฎุฏูู ุณูุฆุฉ ูุงูุงูุชุฑูุช ุถุนูู ,complaint
109,  ุงูุฎุฏูู ุณูุฆุฉ ูุงูุงูุชุฑูุช ุฌุฏุง ุถุนูู ูุง ุงูุณุจุจ ,complaint
110,  ุงููุช ุณูุฆ ,complaint
111,  ุงูุดุจูู ููุทูุนุฉ ุงูุฏุฑูุงู ,complaint
112,  ุงูุดุจูู ููุทูุนุฉ ,complaint
113,  ูุงุชูุฌุฏ ุงุดุงุฑุฉ ุงูุชุฑูุช ,complaint
114,  ููู ุจุฏูุน ูุณุชุญูุงุช ุดุฑูุญุฉ ุงูุฏุงุชุง ุจุชุงุนุฉ ุงูุดูุฑ ุงููุงุชุ ,voice_offers
115,  ูุฑูุฒ ุงู ุชู ุงู ุจู ูุฏ ูุฏูู ุดุบุงู ููุง ูุบูู ,service_centers
116,  ูุฑูุฒ ุงู ุชู ุงู ูู ุงูุฎุฑุทูู ุชูุชุญ ูุชูู ุนูุฏู ูุงุชูุฑุฉ ุญุงุจุฉ ุงุฏูุนุง 978ุฌ ููุงู ูุฑูุชุ ,service_centers
117,  ุงูุดุจูุฉ ูุงูุง ุจุชุฌู ูุชูุทุน  ูููุง ุชูุงุชู ุฃูุงู ุจุงูุดูู ุฏุง ,complaint
118,  ุดุจูุฉ ูุจู 3 ุฃูุงู ูุงูุช ุงููู ูุฌุฃุฉ ุจุนุฏ 3 ุฃูุงู ุจูุช ุชูุทุน,complaint
119, ู ุฌูุงุนุฉ ู ุชุดููู ูููุง ูุดููุฉ ุงูุดุจูุฉ ุฏู ููุดุฑูุญู ุงูุจูุงูุงุช ูููุง ุงูุชุฑ ูู 3 ุงูุงู  ,complaint
120,  ุงูุณูุงู ุนูููู ูุฏู ูุดููุฉ ุนูุฏูุง ุงุฑูุฏ ุงู ุงูุนู ุฎุฏูุฉ ุงูุงูุชุฑูุช ุงู 1g ูููู ูู ุงูุช ูุณุดุชุฑู ูุณุจูุง ูู ุฎุฏูุฉ ุงู24 ุณุงุนุฉ ุงุฑุฌู ุญู ูููุดููุฉ ,complaint
121,  ููุงู ุถุนู ูุชูุทุน ูู ุดุจูุชูู ุงุฑุฌู ุญู ุงููุดููุฉ ูู ุงุณุฑุน ููุช ,complaint
122,  ุงููุดููุฉ ุงูุดุจูุฉ ูุนุจุฉ ูู ุฏูููุฉ ุจุชูุตู ูุชุงูู ุจุชุฌู ,complaint
123,  ุงููุดููุฉ ุดุจูุฉ ุงูุงูุชุฑูุช ุณูุฆุฉ ุฌุฏุง ูุชูุตู ูู ุฏูููุฉ ,complaint
124,  ุจูุฉ ุงูุงูุชุฑูุช ุถููุฉ ุดุฏูุฏ ,complaint
125,  ุงูุดุจูุฉ ูุนุจุฉ ูู ุงูุณ ูุฑุณูุช ูููู ููุชู ุจุชุฑุฌุน ูู ุงูุณุงุนุงุช ุงููุงุฏูุฉ ูู ุงูุงู ูุง ุฑุฌุนุช ,complaint
126,  ู ููููู ุงูุงุชุตุงู ุจุงูุงูุชุฑูุช ูุนุจ ุดุฏูุฏ ูุน ุงูู ุงูุดุจูุฉ ูุง ูุนุจุฉ ุญูุช ุงูุงุชุตุงู ูุงูุง ููุนู ุจุงูุฉ 1 ูููุง ,complaint
127,  ุนุงูุฒ ุงุนุฑู ุงูุณุนุฑ ุงูุฌุฏูุฏ ูุจุงูุงุช ุงูุงูุชุฑูุช ,data_offer
128,  ุดุจูุฉ ุงูุงูุชุฑูุช ูู ุงูุณ ุจุชุฌู ุฏูููุฉ ูุจุชูุตู ุงูุณุจุจ ุดูู ,complaint
129,  ุจุณุงู ุนู ุดุฑูุญุฉ ุงูุจูุงูุงุช ุจูู ุณุนุฑุฉ ูุจุงูุงุช ุงูุงูุชุฑูุช ุญูุชูุง ,data_offer
130,  ุจุงูุฉ 10 ูููุง ุงูุดูุฑูุฉ ุจูู ,complaint
131,  ุนุฑูุถ ุงูุงูุชุฑูุช ุงูุดูุฑูุฉ ูุดุฑูุญุฉ ุงูุนุงุฏูุฉ ,complaint
132,  ูู ุงุณุจูุน ุดุจูุฉ ุงูุงูุชุฑูุช ุชุดุบู ููููู ูุชูุทุน 5 ,complaint
133,  ูุฑูุฏ ูููู ุงู ุชุฑุณูู ููุง ุฑูุฒ ุงูุชูุนูู ุญู ุจุงูู ููุณ ุดูุฑ ,data_offer
134, ูุงู ูุฏู ุดุฑูุญุฉ mtn ุชูุงุฌุงุช ุจุงุบูุงููุง ุฏูู ุชูุจูู ุจุงุบูุงููุง ุจุนุฏ ูุบุงุฏุฑุชู ุงูุณูุฏุงู ุนููุงู ุจุงู ุงูุดุฑูุญุฉ ูุงูุช ุนูู ุฌูุงุฒ ุงูููุจุงูู  ูู ุจุงููุงูู ุงุณุชุนุงุฏุชูุง ุฑูููุง ,complaint
135, ูุงูู ุนุฑูุถ ูุจุงูุงุช ุงูุงูุชุฑูุช ูุฏููู,data_offer
136,  ูุง ูู ุนุฑูุถ ุงูุงูุชุฑูุช ููุดุฑุงูุญ ุงูุนุงุฏูุฉ ,data_offer
137,  ููู ุงูุดุท ูขู ูููุง ,data_offer
138,  ุนุฑูุถ ูุช,data_offer
139,  ุนุฑูุถ ุฅุชุตุงูุงุช ,voice_offers
140,  ููุงููุงุช ุงุณุจูุน ,voice_offers
141,  ุฅุดุชุฑุงู ููุงููุงุช ููู  ูุงุฒุงุฒูู ,voice_offers
142,  ููู ุงูุดู ูุชูุฌุฉ ุงูุดูุงุฏุฉ ุงูุฃุณุงุณ ,voice_offers
143,   ุฌูุงุนุฉ ุฃุดุชุฑูุช ูู ุดุฑูุญู ููู ูุชุญุชูุง ูู ูุณู ูุงุฑูู ูุนุงู ููุงููุงุช ุทูุงุฑุฆ ููุท ุงููุดููู ุดูู ,complaint
144,  ุดุฑูุญุฉ ุงูุจูุงูุงุช ุจู ูู   ููุธุงู ุงูุงุดุชุฑุงู ,data_offer
145,  ุนูุฏู ุดุฑูุญุฉ ุจูุงูุงุช ู ุงุดุชุบูุช ูุนุงู ,complaint
146,  ุงูุงูุชุฑูุช ู ุดุบุงู ูุนุงู ูุงูุง ูุดุชุฑู ูู ุฎุฏูุฉ 5ูููุง ,complaint
147,  ุงูุนุฑูุถ ุงูุดูุฑูุฉ ูุดุฑูุญุฉ ุจูุงูุงุช ูุงูุฃุณุนุงุฑ ุชููู ุดุงููุฉ ุงูุถุฑูุจุฉ ,data_offer
148,  ุนูุฏู ุดุฑูุญู ุจูุงูุงุช ุนุงูุฒ ุงุนุฑู ุฑูููุง ,my_sim
149,  ุญูุง ุจูุนุงูู ูู ูุดููุฉ ุงูุดุจูุฉ ุญุงููุข ูู ูู ุงููุฑูู ููุง ุฑูุช ุชุฏุนูููุง ุจู ุฃูุดุฃ ุจุฑุฌ ูุชุนุฒูุฒ ุงูุดุจูุฉ ูุฏููุง ูุดูุฑุง ,complaint
150,  ุจุงููุณุจุฉ ูู ุฎุฏูุฉ ูู ุบูุงุจู ูุง ุบุงูู ,voice_offers
151,  ุฏุงูุฑ ุงุนุฑู ุงุดุชุฑุงููู ุงูุดูุฑู ูุดุฑูุญุฉ ุจูุงูุงุช ,data_offer
152,  ุฑููุฒ ุนุฑูุถ ุงูุฅูุชุฑูุช ,data_offer
153,  ุงุชุฃุฎุฑุช ูู ุฏูุน ุงููุงุชูุฑุฉ ู ุงููุช ูุทุน   ู ูุณู ุฏูุนุชูุง ู ุงููุช ู ุฑุฌุน ูุณู ,complaint
154,  ุงููุช ูุงุทุน ุนูุฏู ,complaint
155,  ุฏูุนุช ุงููุงุชูุฑู ู ุงูุดุฑูุญู ู ุงุชูุดุทุช ,complaint
156,  ุตุจุงุญ ุงูุฎูุฑ... ูู ุณูุญุช ุนูุฏู ุฑูู ุงุฑูุจุง ุงุชููู ุจุณุจุจ ุฅุฏุฎุงู ุงู pin code ูุฐุง ูุฑู ุบูุท ูู ูููู ุชุนุงูุฌูุง ูู ุงููุดููุฉ ุฏู,complaint
157,  ุนูุฏู ุงุณุชูุณุงุฑ ูู ุนุฑูุถ ุงููุช 4g ,data_offer
158,  ุนุฑูุถ ุงููุช ูู4G ูู ุงุดุชุฑุงู ูููู ูุงุญุฏุ ,data_offer
159,  ุนูุฏู ุงุดูุงููู ูุจูุฑู ุฌุฏุง ู ุงูุดุจูู ุณูุงุก ูุช ุงู ููุงููุงุช ู ูุงุฏุฑ ุงุชูุงุตู ุงุจุฏุง ุจ ููุงููุงุช ุงู ูุช ูุงููุดููู ุฏู ุชูุช ููุงู 24 ุณุงุนู,complaint
160,  ุฎุฏูุฉ ูุช ุงุณุจูุน ุงู ูููู ุดุจูุฉ ูููุฉ ุฌุฏุง ุณุนุฑ ุงูุฎุฏูุฉ ูู ุนูุฏูู ,data_offer
161,  ุฑููู ุงุชุญุฌุจ ,complaint
162,  ุณุนุงุช ุงูุฅูุชุฑูุช ู ุงูููุงููุงุช ุงููุงุชููุฉ ,voice_offers
163,  ุนูุฏู ุดุฑูุญุฉ ุงุฑูุจุง ูุง ุดุบุงู ุจููุง ุทููุช ุดุฏูุฏ ููู ุจุญูู ูููุง ุฑุตูุฏ ูุชุตู ูููุง ููู ูู ูููููุฉ ูุฏู ุจุณุญุจููุง ููู ,complaint
164,  ููู ูุชู ุชุบููุฑ ุงูุฑูุฒ ุงูุณุฑู ุงูุดุฑูุญุฉ  ,complaint
165,  ููุงุฐุง ุงูุดุฑูุญุฉ ูุง ุชุญูู  ุนูุฏูุง ุฏุงูุฑ ุงุญูู ุชูุชุจ ุงูุฑุฌุงุก ุงูุงุชุตุงู ุจุฎุฏูุงุช ุงููุดุชุฑููู111 ,complaint
166,  ุฑููู ุงุชุญุฌุจ ,complaint
167,  ุนููู.ฬทฬทฬธฬทฬูุฏูู ุดุฑูุญู ุฏุงุชุง ู ุดุบุงูู ู ููุดุทู ,complaint
168,  ุงููุช ู.ุดุบุงูู   ุดุบุงูู E ุจุณ ,complaint
169,  ูุณุชูู ุงูุฎุฏูุฉ ุณูุฆ ุฌุฏุง ,complaint
170,  ุฎุฏูุฉ ุฎูู ููู ุนูููุง..ุฏู ุญูููุฉ ููุง ูุฐุจุฉ ุณุงูุชุ,voice_offers
171,  ููู ุงุนุฑู ุงูู ุงูุฑูู ูุฏ ุชู ุชุณุฌููู ,my_sim
172,  ูุฑุฌู ูุฑุงุฌุนุฉ ุงูุฑูู 0927751450 ูู ูุณุฌู ุงู ูุง ,my_sim
173,  ูุงูู ุนุฑูุถ ุงูุงูุชุฑูุช ูุดุฑูุญุฉ ุฏุงุชุง ูุน ุงูุชุนุฑูู ุดุงููุง ุงูุถุฑูุจุฉ ,data_offer
174,  ููููุฉ ูุนุฑูุฉ ุงูุฑุตูุฏ ุงููุชุจูู ูู ุงูุงุดุชุฑุงู ,data_offer
175,  ูุงูู ุนุฑูุถ ุงูุฅูุชุฑูุช ุงูููุฏูุฉ ูุดุฑุงุฆุญ ุงูุฏูุน ุงูููุฏู ุ ,data_offer
176, ูุณุชูู ุงูุฎุฏูุฉ ุบูุฑ ุฌูุฏุฉ  ,complaint
177,  ุซุงููุง ููู ูุชู ุชุญููู ุดุฑูุญุฉ ุงูุจูุงูุงุช ุฅูู ุฎุฏูุฉ ุงู 4G ,my_sim
178,  ูุง ูุนูู ูุนู ุฎุฏูุฉ ุงู 4G ูุง ูู ุงูุญู ุ,complaint
179,  ูุงูู ุทุฑููุฉ ุชุบููุฑ ุดุฑูุญุฉ MTN ูุฎุฏูุฉ ุงู 4G  ููุงูู ุงูุนุฑูุถ ุงูููุฏูุฉ ูู 4G ุดุงูู ุงูุถุฑูุจุฉ ,data_offer
180,  ูุงูู ุทุฑููุฉ ุชุบููุฑ ุดุฑูุญุฉ MTN ูุฎุฏูุฉ ุงู 4G  ููุงูู ุงูุนุฑูุถ ุงูููุฏูุฉ ูู 4G ุดุงูู ุงูุถุฑูุจุฉ ,my_sim
181,  ุทุฑููุฉ ุถุจุท ุดุจูุฉ ุงูุฅูุชุฑูุช ,my_sim
182,  ูุงูู ุญุฒู ุฎุฏูู ุงูููุงููุงุช ุงูุดูุฑูุฉ ุฏุงุฎู ุงูุดุจูู ูุน ุจูุงู ุงูุชูููุฉ ููู ุฎุฏูู ,voice_offers
183,  ุนุฑุถ ุงูุงูุชุฑูุช ุงูุงุณุจูุนู,data_offer
184,  ูู ูู ุญุตุฉ ุงูุงูุชุฑูุช ูู ุงูููู,data_offer
185,  ูู ูู ุงูุญุตุฉ ุงูููููุฉ ููุฅูุชุฑูุช ุงูุฐูุจู ,data_offer
186,  ุงูุณุงุนุฉ ุงูุณุฑูุนุฉ ูุงุชุนูู  ,complaint
187,  ุนูุฏู ูุฑุช ุดุญู ูกู ุฌููู ุบูุฑ ูุงุถุญูู ุงุฎุฑูค ุงุฑูุงู ,complaint
188, ุนุงูุฒุฉ ุงุนุฑู ุฑูุฒ ุงู puk ูุดุฑูุญุชู ุงุชูููุช ูุงูุง ู ุนุงุฑูุงูู ูู ุนูุฏู ุงูุงูุฑุงู ุนูุดุงู ุงุนุฑูู ูู ููุงู ,complaint
189,  ุงุณูุฃ ุนุงูููู ุจุดุฑูุฉ ุงุชุตุงู ุนูู ุงูุงุทูุงู ูุง ุจุฏู ุงููุดุชุฑู ุญูู ุนุฏู ุงูุชูุงู ูู ูุณุงุญุฉ ูุจูููููุฑุฉ ุดุงุณุนุฉ ุจูู ุฎุฏูุงุช ุงููุดุชุฑููู ูุงููุณู ุงูููู ุณุค ุงุฏุงุฑู ูุงุถุญ ุนุฏู ุฏุฑุงูุฉ ุจุงููุงุฌุจ ูุดุฑููู ููุงู ูุนูููุฉ ุฏู ูุณุชูู ุฎุฏูุฉ ุงูุงูุณ ูู ุณูู ุงุชุตุงูุงุช ููู ุฒูู ูุณูุฏุงูู ูููุงุฑ ุจุชููุฒู ุจุงูุถู ุนูุงูุฉ ูุงูุถุจุงุท ูู ูู ุดุฆ .. ุจุณ ุงูุฑู ููู ููุง ุนุงูู ูููู ,complaint
190,  ูุฐุจ ูููุงู ูุนุฏู ุงูุชูุงู   ูุณุค ูุนุงููุฉ ุนูู ูุณุชูู ุงููุดุฑููู ,complaint
191,  ุฃุณูุฃ ุดุฑูุฉ ุงุชุตุงู ูุฎุฏูุงุช ูุดุชุฑููู ูุงุนูุงู ูููู ุฃูุฑ ุนููู ูุฐุจ ูููุงู ูุฑุฏุงุกุฉ ุชุนุงูู ูุนุฏู ุงุญุชุฑุงู ุงูุนููุงุก ุฎุตูููู ุฌููุนุง ููู ุงูููุงูุฉ,complaint
192,  ููููุฉ ูุนุฑูุฉ ุงูุงุณุชููุงู ุดุฑูุญุฉ ุจูุงูุงุช ุฎุท ,data_offer
193,  ูู ุงุชููู ูู ุงุฏุฎุงู ูุฑุช ุงูุดุญู ุงุฑุฌู ุงูุงูุงุฏุฉ ,complaint
194,  ุดุฑูุญุฉ ุจูุงูุงุช ุจุงูุฑูู 0999405985   ุงูุงุณู ุนุจุฏุงูููุงุจ ุงูุญุณู ูุญูุฏ ุนูุฑ.(((( ุชู ุณุฏุงุฏ ุงููุงุชูุฑุฉ ููู ูุชู ุชูุนูู ุงูุฎุฏูุฉ. ุงุฑุฌูุง,my_sim
195,  ุนูุฏู ูุดููุฉ ูู ุดุฑูุญุชู ุงู ุชู ู   ููุณุฌูุงูุง ูุนุงูู   ูุง ุจุชุชุตู ููุงุฆูุง ,complaint
196,  ุทูุจ ูููู ุชุดููู ูู ูููุง ูู ุฑุตูุฏ ,my_sim
197,  ุนูุฏู ูุดููุฉ ุจุดุฑูุญุชู  ูู ุดุฑูุญุฉ ุจูุงูุงุช ุจุนุฏ ูุง ุฏุฎูุชูุง ูุนููุช ุถุจุท ุงูุดุฑูุญุฉ   ูุนุงูุฒุฉ ุงุชุตู ุจ *143*2#  ูุงู ูู ุงูุดุจูุฉ ุบูุฑ ูุชุงุญุฉ ,complaint
198,  ูุนูู ุณุจุจ ุงูุดุจูุฉ ุบูุฑ ูุชุงุญุฉ ุดูู ูุน ุงูู ุงูููุงู ุงูุดุจูุฉ ููู ูุงุถุญุฉ ,complaint
199,  ุนูุงูุฉ ุงูุดุจูุฉ ุบูุฑ ูุชุงุญุฉ ููุงุฐุง ,complaint
200,  ููู ุงูุนู ุฎุฏูุฉ ุงูุฎุฏูุฉ 5ุบูุบุง ,data_offer
201,  ูู ุฑูู ูุฐู ุงูุดุฑูุญุฉ ุ ,my_sim
202,  ูููู ูุนุงูู ูุง ูุงุณ ุงู ุชู ุงู   ุงูุง ุงูุจุงุฑุญ ูุฒูุช ุฑุตูุฏ ูู ุชููููู   ููู ุณุญุจุชูู ููู  ูุง ุชุฎูููู ุงุฏุนู ุนูููู,complaint
203,  ูุงุฎ ุญุฑุงู ุนูููู ุงุชูู ุงููู ูููุง  ุฏู ุณุฑูุฉ ูุชุนุฏู ุนูู ุญููู ๐ ,complaint
204,  ุจุงูููุงุณุจุฉ ุนููุชู ุนุฑุถ ุงูุฎูุณุฉ ูููุง ุจูู ูุง ุงูุณูุญูู ,data_offer
205,  ุทูุจ ูุงู ุนุงูุฒุฉ ุงูุนู ุฎูุณุฉ ูููุง ุงุดุญู ูู ูุง ุญุฑุงููุฉ ,data_offer
206,  ุดุฑูุญุชู ุจูุงูุงุช ุฏุงุชุง   ุทุฑููุฉ ุชูุนูู 1 ุบูุบุง ุดูุฑูุง ,data_offer
207,  ุฎุฏูุงุช ุงูุฅูุชุฑูุช ููุณูุญุชู..ูุทุฑููุฉ ุงูุงุดุชุฑุงู,data_offer
208, ุทุฑููุฉ ุชุญููู ุงูุฑุตูุฏ ุดุฑูุญุฉ MTN-sudan ,my_sim
209,  ููู ูุนุฑูุฉ ุฑูู ุงูุดุฑูุญุฉ ,my_sim
210,  ูููู ุงุนุฑููุง ูุณุฌูุฉ ูุบูุฑ ูุณุฌูู ,my_sim
211,  ุจุณุฃู ุนู ุงูุดุจูู   ูููุง ุถุนู ุดุฏูุฏ ,complaint
212,  ุดุจูู ุงูุฅูุชุฑูุช ุณูุฆู ุฌุฏุง ,complaint
213,  ุงููุง ุงูุฐ ูู ุงูุชูุงุตูู ูู ุงูุชุฑูุช ูุงูููุงููุงุช  ูุนูู ุฎุฏูุงุช ,data_offer
214,  ุงููุง ุงูุฐ ูู ุงูุชูุงุตูู ูู ุงูุชุฑูุช ูุงูููุงููุงุช  ูุนูู ุฎุฏูุงุช ,voice_offers
215,  ูู ุณูุญุชู ุนุงูุฒู ุทุฑููู ุงูุชูุดูุท ,data_offer
216,  ุนุงูุฒุฉ ุนุฑูุถ ุงูุฃูุชุฑูุช ูุดุฑูุญู ุฏุงุชู ,data_offer
217,  ุทุฑููุฉ ุงูุชุญููููู ,my_sim
218,  ุนุงูุฐู ุงุนุฑู ุฑููุฒ ุฎุฏูุฉ ุงูููุงููุงุช ,voice_offers
219,  ูุฎุฏูุฉ ูุฑุงูุจ ุงูุณุชุฑุง ุจุณุชููุฏ ููู ูููุง,voice_offers
220,  ุงุจุญุซ ุนู ูุธููู ูู ูุฏููู ูุธููู ุดุงุบุฑู,complaint
221,  ูุฏู ุดุฑูุญุฉ ุจูุงูุงุช ุนุงูุฒ ุงุนุฑู ุงูุชูุดูุท ุงูููู ุจู ูู  ููู ููุบุงุจุงูุช ,data_offer
222,  ุทูุจ ุงูุนุฑุถ ุงูููู ููู ูู ููุบุงุจุงูุช ,data_offer
223, ุจุฏ ุงูุดุท ุฎุฏูู ุงููู ุดุฑุญู ุจุงูุงุช ุจุณ ฺฉู ูุฑู ุงููู ุนุงุฒ ุงูุดุท ุงูุฎุฏูู ููู ุฑุตุฏฺฉ ุบุฑ ฺฉุงู ูุงูุฎุฏูู ุจ ุงุฑุจุน ุฌูู ูุณุจุนู ูุฑุด ูุน ุงู ููุฒู ฺฉุฑุช ุจ ุฎูุณ ุฌููุงุช ,complaint
224,  ุณูุงู ุนูฺฉู ุทุฑูู ุชุญูู ุงูุฑุตุฏ ูู ุฌูุงุฒ ุงู ุงุฎุฑ ,my_sim
225,  ุฎุฏูุฉ ููุจุงูู ูุงุด ูููู ุงุนุฑู ุงูุชุฑ ุนู ูุฐู ุงูุฎุฏูู ุ!  ุทุฑููุฉ ุงูุชุณุฌูู ุ ุชุบุฐูู ุงูุญุณุงุจ ,voice_offers
226,  ุฏู ุดุฑูุญุฉ ูุง ุนุงูุฒ ุชุฌูุน ุงูุดุจูุฉ ,complaint
227,  ุณูุงู ุฎุฏูุฉ ูุช ุดูุฑ ุจู ูู ูุทุฑููุฉ ุงูุชูุดูุท ,data_offer
228,  ุงููุช ูุดููุฉ ุดูู ู ูุงุณ ููุดุท ู ูุง ูุงุฏุฑ ุงุณุชููุฏ ูู ุงูุฎุฏูุฉ ุงููุช ุฑุฏุฆ ุงูููู ู ุฏู ุงูู ูุฑุฉ ูููู ูุฏุง ูุงูู ุงูุดุจูุฉ ูู ููุทูุฉ ูููุฉ ุจุณ ุดุจูุชูู ุจุชูุดู ู ุชุฌู ุงููุดููุฉ ูููู ,complaint
229,  ุจุณุฃู ูู ุงูุดุจูุฉ ููู ุงูููู ุฑุฏุฆุฉ ูุฏุง ,complaint
230,  ุงูุฎุฏูุฉ ุจุชุนุช ููุจุงููู ุบูุฑ  ูุชููุฑ ูุง ุดุบุงูุฉ ูุนุงู ,complaint
231,  ููู ูุชู ุชุบููุฑ ุงูุฑูู ุงูุณุฑู ุจุชุน ุชุญููู ุงูุฑุตูุฏ ,my_sim
232,  ููุณูุญุชู ุนูุฏู ูุดููุฉ ูู ุดุฑูุญุฉ ุจูุงูุงุช ,complaint
233,  ุนูุฏูุง ูุดููุฉ ูู ุงูุดุจูุฉ   ุทุงุดุฉ ูููุง ูุฑูุจ ุงุณุจูุนูู,complaint
234,  ูุงู ุนูุฏูุง ูุดููุฉ ูู ุงูุดุจูุฉ ูู ููุทูุชูุง ูู ุดูุฑ ูฉ  ูุฑูุนูุง ูููุฉ ูู ุงูุดูุงูู,complaint
235,  ุงููุช ุจูู ุถุนูู ุดุฏูุฏ ุดููู ูููุง ุญู ูู ุณูุญุชู,complaint
236,  ุงุณุชุบุณุฑ ุนู ูุฑุงูุจ ุงูุณุชุฑุง ,voice_offers
237,  ููู ุงุดุชุฑู ููุฑุจุงุก ุจุงูุฑุตูุฏ ,voice_offers
238,  ุจุงูุงุช 4g,data_offer
239,  ุนุฑูุถ ุงูุฅูุชุฑูุช 4G ,data_offer
240,  ุนุงูุฒ ุจุงูุงุช ุงูุฅูุชุฑูุช ุงููููู,data_offer
241,  ุถุจุท ููุทุฉ ุฅุชุตุงู ููุชุงุฒู,my_sim
242,  ุนูุฏู ุดุฑูุญู ูููุช ูุงูุง ูุบุชุฑุจ ูู ุณูู ูุญุงุฌู ูุฏู ,complaint
243,  ุฎุฏูุงุช ุงูุงูุชุฑูุช ุนูุฏูู ููู ,data_offer
244,  ููุง ูุง ูุตุฏู ุงูุฏุงุชุง ุงูุดูุฑ ,data_offer
245,  ุชูุดูุท ุงูุงุณุจูุน ููู ,data_offer
246,  ูุงููู ุงูุง ุทุงูุจ ุงูุชุญูุช ุงูุดูุงุฏู ุงูุณูุฏุงููู ูุนุงูุฒ ูู ุดุบูู ุงุณุงุนุฏ ุจููุง ูุงุณ ุงุจูู ุงูุง ููุฏ ูุงุญุฏ ููุฏู ุซูุงุซู ุงุฎูุงุช ุฑุฌุข ุงุทูุจ ูููู ุงู ุดุบูุงูู ุชุนุฏู ุจููุง ,complaint
247,  ุนุงูุฒ ุงุนุฑู ููุงูุน ุงู ุชู ุงู ูู ุงูุฌุฒูุฑู ,service_centers
248,  ุทูุจ ุงูุดุฑูุญู ุจุฏู ูุงูุฏ ููู ุชุทูุน ,my_sim
249,  ุนูุฏู ุดุฑูุญู ุนุงูุฒ ุงุทูุนู ุจุฏู ูุงูุฏ ูููู ุงุฏู ุฒูู ุฑููู ุงููุทูู ูุทูุนู ูู,complaint
250,  ุฃููู ุดุฑูุญุฉ ุนุงุฏูุฉ ูู ูููู ุงุญูููุง ุฅูู ุดุฑูุญุฉ ุจูุงูุงุชุ,my_sim
251,  ููู ุงุนุฑู ุงูุจุงูู ูู ูู ุฎุฏูุฉ ุงูุดูุฑ ูุดุฑูุญุฉ ุฏุงุชุงุุ ,data_offer
252,  ุงุฑูุฏ ูุนุฑูุฉ ุทุฑููุฉ ุชุญููู ุงูุฑุตูุฏ ,voice_offers
253,  ุงูุงูุชุฑูุช ุนูุฏู ุถุนูู ุฌุฏุง  ุนุงูุฒุฉ ุงุนุฑู ููู ุงููุดููุฉุ ,complaint
254, MTN ููููู ูุงูุงูุชุฑูุช ุชุนุจุงู ูุนุงู ุดุฏูุฏ ูุงูููู ูุงุฎ ุงุจุฏุง ููุดุท ุดูุฑ ุจูุงุชููู ูุงูุงูุชุฑูุช ุฒู ุงูุฒูุช ูุงูุฒูุช ุงุญุณู ููู ุงูุญุงุตู ุดูู ,complaint
255,  ุงูุณูุงู ุนูููู ุทุฑููู ุชุบููุฑ ุงูุฑูู ุงูุณุฑู ุญู ุงูุชุญููู ุงู00000 ,my_sim
256,  ูู ููุฌุฏ ุนูููุงุช ุตูุงูู ุญุงููุง ูู ุงูุดุจูู ุงูุงูุชุฑูุช ุถุนูู ุฌุฏุง ูุฐู ุงูุงูุงู ,complaint
257,  ูุงุฎ ุงูุงูุชุฑูุช ุฒู ุงูุฒูุช ูุงูููู ูุฎุณุฑ ูุฑูุด ุนุดุงู ุฎุฏูุงุช ุฑุฏูุฆุฉ ูุฏุง ,complaint
258,  ุบูุฑ ูุงุฏุฑ ุนูู ุชูุนูู ุฎุฏูู ุงููุงุญุฏ ูููุง ,data_offer
259,  ุงูุง ุนุงูุฒ ุฎุฏูุฉ ุงูุชุฑูุช ูู ูุฏุฉ ุดูุฑ ูููู ุงุนุฑู ุงูุจุงูุงุช ูุงูุงุณุนุงุฑ ,data_offer
260,  ูู ุงูุนุฑุถ ุบูุฑ ูุญุฏูุฏ ููู ูุญุฏูุฏ ูู ุนุฏุฏ ุงููููุงุจุงูุช ููู ุจุงูุฉ,data_offer
261,  ุจุณ ุงูุดุจูุฉ ุชุนุจุงูุฉ ุดุฏูุฏ ,complaint
262,  ูููู ุทุฑููุฉ ุชูุนูู ุงููุช ููุฏุฉ ุดูุฑ ,data_offer
263,  ูููู ุทุฑููุฉ ุชูุนูู ุงูุณุงุนุฉ ุงูุณุฑูุนุฉ ,data_offer
264,  ุนุงูุฒ ุทุฑููุฉ ุถุจุท ุงูุชููุฆุฉ ,my_sim
265,  ุจุญุจ ุงุณุชูุณุฑ ุนู ุทุฑููุฉ ุนูู ุงูุณุงุนุฉ ุงูุณุฑูุนุฉ ,data_offer
266,  ุจุณุงู ุนู ุงููุช ,data_offer
267,  ูุง ูู ุทุฑููุฉ ุงุดุชุฑุงู ุงูุงูุชุฑูุช ,data_offer
268,  ุจุณุฃู ูู ุชุญููู mtn ูู 3gุงูู 4g ุดุฑูุญุฉ ุฏุงุชุง ,my_sim
269, ุนุงูุฒุฉ ุฑูู ุงูุดูุงูู  ,complaint
270, ูุงุฎ ุงูุง ุดุจูุชู ูู ุงูุจุงุฑุญ ู ุดุบุงูุฉ ุนุฏูู ,complaint
271, ู ูุงุฏุฑ ุงุชุตูุญ ู ูุงุฏุฑ ุงุฑุณู ุฑุณุงูุฉ ูุงุชุณ ุฒุงุชู,complaint
272, ุงูุญู ุดูู ุญุณู,complaint
273, ุงููุชู ูุฑูุดู ุณุงู,complaint
274, ูุงูุง ุญุณู ูุงุนุฏ ุงุฑุณู ููู ูุงููู ุดุงุดุฉ ุงููุญุงุฏุซุฉ ุฒุงุชู ู ุธุงูุฑุฉ ููุชูุจ ุฌุงุฑู ุงูุชุญููู ,complaint
275, ุนูุฏู ุฑูููู ุญู ุดุฑูุญุฉ ุฏุงุชุง ู ุงูุงุชููู ููุดุท ุจููู ูุงูุงุชููู ุดุจูุชูู ูุนุจุฉ ูู ุงูุจุงุฑุญ ุงูููู ููู ุงูุณูู ุฌุจุฑุฉ,complaint
276, ุฑุฏู ู ุฌูุงุนุฉ ูุงุงุฎ!!!! ,complaint
277, ุฑุฏูููู ูุงุงุงุงุฎ ,complaint
278, ูุฑูุดู ุงููุชููููุง,complaint
279, ุดุจูุชู ูุนุจุฉ ูู ุงูุจุงุฑุญ,complaint
280, ูุฑุญุจุงู ุฃุฑูุฏ ุดุฑุงุก ุฌูุงุฒ ูุฃู ูุงู ุฃู ุฑุงูุชุฑ  ,data_offer
281, ูุงูููู ุชุญูููุง ูู ุฑุตูุฏ ,voice_offers
282, ุนุงูุฒ ุฃูุบู ุชุณููู ุงูุฑุตูุฏ  ,voice_offers
283,  ุนุงูุฒ ุงุนุฑู ููู ุจุญูููุง ุงูุฑุตูุฏ  ,voice_offers
284,  ูู ุงูุณุฑุนุงุช ุชุฎุชูู  ,data_offer
285,  ูู ุณุนุฑ ุดุฑูุญู ุงูุฏุงุชุง  ,data_offer
286,   ูู ุดุฑูุญู ุงูุฏุงุชุง ุจุชุญูู ุฑุตูุฏุุ ,voice_offers
287,  ูู ุงุณุนุงุฑ ุจุงูุงุช ุงูุดุฑูุญู ุงูุฏุงุชุง  ,data_offer
288,  ูู ุณุนุฑ ุงูุจุงูู ุงูุจูุงุชูููู ุงูููููู ุดุงูู ุงูุถุฑูุจู  ,data_offer
289,  ูููู ุงุณุชุทูุน ุฅูุบุงุก ุงูุงุดุชุฑุงู ูู ุฎุฏูู ุงูุงูุชุฑูุช  ,data_offer
290,  ูู ุงูุณุฑุนู ุชููู ุซุงุจุชู ุทูู ุงูููู  ,data_offer
291,  ูุง ุงููุฑู ุจูู ุงูุฎุฏูุงุช ุงูุฐูุจูู ูุงูุจูุงุชูููู  ,data_offer
292,  ูู ูู ุณุนู ุงูุนุฑุถ ุงูุชุญููููู ,data_offer
293,  ูู ูู ุงูุณุนูุุุุ  ,data_offer
294,   ููู ุงุฑุงุฌุน ุงุณุชุฎุฏุงู ูููููุงุจุงูุช  ,data_offer
295,   ุงูุณูุงู ุนูููู  ุฏุงูุฑ ุฃุดุชุฑู ูู ุจุงูุฉ ุงูุงูุชุฑูุช ุงููุงูุญุฏูุฏ ูุงุฌูุฒุฉ ุงู wifi ุจุณ ูุงููุช ุชูุถุญู ูู ุงูุญุฏ ุงููููู ุฃู ุงูุดูุฑู ููุจุงูู ูุจู ุชุทุจูู ุณูุงุณุฉ ุงูุงุณุชุฎุฏุงู ุงูุนุงุฏูุ ุฃูุง ุนุงุฑู ุงูู ูุงูู ุญุงุฌู ุงุณููุง ูุงูุญุฏูุฏ ููุขุฎุฑ ุนูุฏู ุญุฏ ูุนูู ุณูุงุก ูุงู ูู ุงูููู ุฃู ุงูุดูุฑ (ุญุณุจ ุงูุดุฑูู) ุจุนุฏู ุงูุณุฑุนู ุจุชูุฎูุถ ุชููุงุฆูุง ูุงูู ุณุฑุนู ุ ูุซูุงู  ูู ุดุฑูุฉ ุฒูู ุงูุณุนูุฏูุฉ ุนูุฏู 5 ูููุง ูู ุงูููู ุจุงุนูู ุณุฑุนู ูู ุฒุฏุช ุนูู ูุฏุง ุจุชูุฎูุถ ุงูุณุฑุนู ูุนุงู ูุงูู ูู 50  ููููุจุงูุช (ุณูุงุณุฉ ุงูุงุณุชุฎุฏุงู ุงูุนุงุฏู) ุณุคุงูู ูููู : ุงูุญุฏ ุงูุงูุตู ููุจุงูุงุช ุงูุจูุงุชูููู ุงูุดูุฑูู ู ุงูุจูุงุชูููู + ู ุงูุจูุงุชูููู ++ ูู ุ ูุจู ูุงุชุทุจู ุนูููุง ุณูุงุณูุฉ ุงูุงุณุชุฎุฏุงู ุงูุนุงุฏูุุ  ,data_offer
296,  ุจุณ ุจู ูู ูุฏูุฑุงู ุจุนุฏ ูู ูููุงุจุงูุช ุงูุณุฑุนู ุจุชูุฎูุถ  ,complaint
297,  ูุง ูู ุฃุณุนุงุฑ ุงูุจุงูุงุช  ,data_offer
298,  ูุง ูู ุงูุญุตู ุงูููููู  ,data_offer
299,  ูุง ุงููุฑู ุจูู ุงูุจุงูุงุช ุฅุฐู  ,data_offer
300,  ุงูุจูุงูุงุช ูู ุชุนูู ุฌูุฏุง  ,complaint
301,  ุงุฑูุฏ ุงู ุงุณุฃู ุนู ุฎุฏูู ุงูุฏูุน ุงูุดูุฑู ุงูุชู ูุนุทู ูููุง ูฅูู ูููุง ุจุงูุช ููููุง ,data_offer
302,  ูู ูููู ุฅุนุทุงุก ุงุญุฏ ูููุงุจุงูุช ูู ุฎุฏูุชู  ,data_offer
303,  ููู ูู ุฃู ุฃุนุทู ุงู ุงุญุฏ ูู ูููุงุจุงูุชุงุชู  ,data_offer
304,  ุชุนุฑูุฉ ุงูุงุชุตุงู ุงูุฏููู  ,voice_offers
305,  ูุนุฑูุฉ ุฑูู ุงูุดุฑูุญุฉ  ,my_sim
306, ุดุญู ุงูุฑุตูุฏ  ,voice_offers
307, ุนุงูุฒ ุงุนุฑู ุงูุฑุตูุฏ ูู ุงูุดุฑูุญู ูู ููู ูุงุนุงูุฒุง ุชุฌูุจ ูู ุฑุณุงูู ุนุดุงู ุงุนุฑู,voice_offers
308,  ุนุฑูุถ ุงููุงู ูุงู  ,data_offer
309,  ุนุฑูุถ ุงูุงูุชุฑูุช  ,data_offer
312,  ุณูุงู ุนูููู  ุนูุฏู ุณุคุงู ุดุฑูุญุชู ุจูุงูุงุช ููุนูุช ุนุฑุถ ุงู 5 ูููุง ูุจูุฒู ูุชูุฑ ููู ูุง ุงุดูู ุงููุช ุจููุง ุฐู ูุงูู ุจุชุฌู ุงูุฑุณุงูู ุงูู 5 ุนุงูุฒู ุงุนุฑู ูู ูุนูู ุฏุง ุงููุช ููุง ู ูุดููู ูุงุชูุงุฌุง ุงูู ุฎูุต ูุฑูุจ ๐  ,data_offer
313, ุณูุงู ุนูููู ุงู ุชู ุงู ุนูุฏู ูุดููู ูู ุฑููู ูุงุจุฑุณู ุฑุณุงูู ูุตูู ูุญุงููุง ุดุฑูุญุชู ูููููู ูุงูู ูุงุฑุณูุช ุฑูู ุงููุทูู ูููู ุญู ุบูุฑ ุงูู ุงูุดู ูุฑูุฐ ูุงุณุฌู ูุจุชุตู ุน ุฎุฏูุฉ ุงูุนููุง ูุงู ุงู ุดุฎุต ุจุฎุด ูุนุงู  ,my_sim
314, ุฏู ูุดููุชู ุงูุฑูู ุงููุทูู ููุง ุงู ุฑุณุงูู ูุงุจุชูุดู ูู ุงูุดุฑูุญู ุฏู ููุงู  ,my_sim
315,  ูุฑุณูู ููุฉ ูุฑู ุจุฏููู ูู ูุชู ุงุฑุณุงู ุงูุฑุณุงูู ,complaint
316, ุณูุงู ุนูููู ูุนููุด ุจุณ ุฑูู ุงููุงุชุณ ูุงู ุงู ุฑุฏ ุงูุง ูุงูุงุฏุฑู ุงุชุตุฑู ูู ุชููููู ูุงูุงุฏุฑู ุงุชุตู ูุง ุงุฑุณู ๐ญ  ,my_sim
317, ุงูุง ููุดุทู ูุช ูกู ุดุฑูุญุฉ ุจูุงูุงุช ูุงููุช ูู ููู ูููุง ูุงุดุบุงู ูุนุงู ุงูุนุจ ูู ูุช ุงูููู ูููู ุงุนุฑู ุงููุดููู ููู  ,complaint
318, ุนุงูุฒู ุงุนุฑู ุทุฑููู ุชุญููู ุงูุฑุตูุฏ ...ูุฎุฏูุงุช ุงูููุงููุงุช ุจุชุชุนูู ููู ,voice_offers
319, ุนูุฏู ุดุฑูุญู ุงู ุชู ุงู ุจูุงูุงุช ู ุญุงูุธู ุฑููู ุนุงูุฒู ุงุนุฑู ุงูุฑูู  ,my_sim
320, ููููุฉ ุงุดุชุฑุงู ุฎุฏูุฉ ุงูููุช ูู ุงูุดุฑูุญุฉ ุงูุนุงุฏูุฉ,complaint
321, ุนุฑูุถ ุงูุงูุชุฑูุช  ,data_offer
322, ุฃุฑูุฏ ุฃู ุฃุนุฑู ุฎุฏูุฉ ุงูุฅูุชุฑูุช ุงูุดูุฑูู ูุดุฑูุญุฉ ุงูุจูุงูุงุช ูุง ุนุฒูุฒู  ,data_offer
323, ูู ููุฌุฏ ุฎุฏูู ูู 6 ูุณุงุก ุฅูู 6 ุตุจุงุญูุง  ,data_offer
324, ุฃุฑูุฏู ูุนุฑูุฉ ุฎุฏูู ุงูุงุณุจูุน ูุฎุฏูุฉ ุงูููุงููุงุช  ,voice_offers
325, ุฃุฑูุฏ ูุนุฑูุฉ ุงูุฑูู ุงูุณุฑู ูุฎุฏูุฉ ุงูุดูุฑ 5 ูููุง ู ูู ุณุนุฑู  ,voice_offers
326, ูููู ุชููููู ู ุฃุณู ุนูู ุงูุฃุฒุนุงุฌ  ,complaint
327, ุฃุฑูุฏ ุฃู ุฃูุนู ุฎุฏูุฉ ุดูุฑ ูฅ ูููุง  ,data_offer
328, ููู ูููููู ุชูุดูุท ุงูุณุงุนู ุงูุณุฑูุนู  ,data_offer
329, ุทูุจ ุนุฒูุฒู ุฃุฑูุฏ ุฃู ุฃุนุฑู ูู ูุชุจุบู ููุบุงุจุงูุช ูุฎุฏูุฉ ุงูููู  ,data_offer
330, ูู ูู ููุนูู ููุฅูุชุฑูุช ุ  ,data_offer
331, ุนุงูุฒ ุงุนุฑู ูู ุชุจูู ูู ูููุง ุจุงูุช ุงูููู  ,data_offer
332, ุงุฑูุฏ ูุนุฑูุฉ ุชูุนูู ุฎุฏูุฉ ุงูุงูุชุฑูุช 5 ูููุง ุงูุดูุฑูุฉ  ,data_offer
333, ุงุฑูุฏ ุงู ุงุนุฑู ููู ุงูุนู ุฎุฏูู ูู ูฆุต-ูฆู  ,voice_offers
334, ุจุณุงู ูู ุฎุฏูุงุช ุงู ุชู ุงู ุงูุงุณุจูุนูู ูุงูุดูุฑูู ููุงูุชุฑููุช  ,data_offer
335, ุนุฑูุถ ุดุฑุงุฆุญ ุงูุจูุงูุงุช  ,data_offer
336, ุนุฑูุถ ุงูุงูุชุฑูุช  ,data_offer
337, ููู ุงูุนู ุฎุฏูุฉ ุงูุดูุฑ ูู ููู ูููุง  ,data_offer
338, ููู ุงูุนู ุฎุฏูุฉ ุงูุดูุฑ ูู ููู ูููุง  ,complaint
339, ุฃูุง ูู ุงูุฏุฑูุงู...ุงูุดุจูุฉ ุนูุฏูุง ุจุชูุทุน ูุชูุฑ  ,complaint
340, ุนูุฏู ูุดููุฉ   ุงูุดุฑูุญุฉ ุจุชุนูู ููุงููุฉ ุทูุงุฑู ูุชูุฑ  ูุชุฌู ููุงููุฉ ุบูุฑ ูุณุชููุฉ  ูุงูุชูููู ูุงุชุญ ,my_sim
341, ุงูุง ุดุจูุฉ ุงููุงุชู ูุฏู ูุง ุชุชุบูุฑ ูู e  ,complaint
342, ุงููุช ุถุนููุฉ ูุงุฐุง ุงุชุตู ุนูู ุดุฎุต  ุจุทูุน ูุบูู ููู ูุงุชุญ    ,complaint
343, ูุฏู ุดุฑูุญุฉ ุณุฑูุช ูููุช ุจุงุณุชุฎุฑุฌูุง  ููู ูุง ุงููู ุจุงุฑุณุงู ุฑุตูุฏ ูุง ููุฒู  ,complaint
344, ุงุนุงูู ูู ูุดููุฉ ูู ุงูุดุจูุฉ.  ,complaint
345, ุทุจูุนู ุจุชููู e   ,complaint
346, ุงูุดุจูุฉ ูุฏู ุถุนููุฉ ุฌุฏุง   ,complaint
347,  ุณูุงู ุนูููู  ุจุณุฃู ูู ูุงุฆูุฉ ูุฒุงุฒูู ุนูุงุฒ ุงุฑูุงู ุงูููุฏ ููุงุบุงูู ูู ุณูุญุชู ุจุณุฃู ูู ุจุงูุฉ ุงูุฐูุจูุฉ ููุดูุฑ ุงูุณูู ุงููุณููุญ ุจููู ููุชุญููู ุงููููุงุจูุชุงุช ููุุ ูุดูุฑุง  ,voice_offers
348,  ุฎุฏูุฉ ุชุฎุตูุต ุฑูู ุฎุงุฑุฌ ุงูุดุจูุฉ ุจุชููู ุจู ุชุนุฑูุฉ.ุงูู  ูู ู ุฎุฏูุชูุง ููู   ,voice_offers
349,  ุฎุฏูุฉ MTNูุฑุงูุจุุ ,voice_offers
350,  ุจุณุฃู ูู ูุฒุงูุง ุงูุดุฑูุญุฉ ุงูุฎุท ููุธุงู ุงููุช ูููุง ูููุุ  ,voice_offers
351, ูู ุณุนุช ุงูุจุงูุฉ ุงูุฐูุจูุฉ ุุ  ,data_offer
352,  ุณุนุฉ ุงูุงุณุชููุงู ููุุ  ,data_offer
353,  ูุงูู ุงููุฑู ุจูู ุงูุดุฑุญุฉ ุงูุฏุงุฏุช ุงูุฎุท ูุงูุฏุงุฏุช ุงูุนุงุฏูุฉ  ,data_offer
354,  ูู ูุฑู ูู ุงูุณุนุฑ ุุ  ,voice_offers
355,  ุทูุจ ุจูุณุจุฉ ููุณุฑุนุฉ ุงููุชุ!  ,data_offer
356,  ุจุณุงู ูู ุนุฑูุถ ุงูุฏุงุชุง ุงูุดูุฑูุฉ  ,data_offer
357,  ุงููุฑู ุจูู ุงูุนุฑุถ ุงูุดูุฑู ู ุงูุจุงูุฉ ุงูุฐูุจูุฉ ุดููุ  ,data_offer
358,  ููุงุฐ ุงูููู ุดุจูุฉ ุงููุช ุบูุฑ ุฌูุฏุฉ ู ุถุนููุฉ ุุ  ,complaint
359,  ุณูุงู ุนูููู ุนุงูุฒ ุงุนุฏุงุช ุถุจุท ุงููุช ูู ุงูุดุฑูุญุฉ ุงูุจูุงูุงุช  ,my_sim
360,  ุงุฑูุฏ ุถุจุท ุงููุช ููุชูููู ูู ููุทุฉ ุงููุตูู ูู ุชูุฑูุช  ,my_sim
361, ุงุฑูุฏ ุชูุงุตูู ููุทุฉ ุงููุตูู ูุงููุฉ  ,my_sim
362, ุงุญูุงูุง ุงูุดุจูุฉ ุจุชููู ุถุนููุฉ ูุง ุงุนุฑู ุงูู ุงููุดููุฉ ุ ุนููุงุง ุงููู ุงุณูู ุงูุฎุฑุทูู ุฌุจุฑุฉ  ,complaint
363, .ูููู ุทุฑููุฉ ุชุญููู ุงูุดุฑูุญุฉ 4G ูุน ุงูุนุฑูุถ   ,data_offer
364, ุฎุฏูุฉ ุงูุงูุชุฑูุช ุญูุช ุงูุฃุณุจูุน ุจู ูู ุฌููู  ,data_offer
365, ุจุชุฌู ุฑุณุงูุฉ ุจุชููู ุงูุช ูุดุชุฑู ูุณุจูุง ููุง ุงุชูุนูุช ุงูุฎุฏูุฉ  ,complaint
366, ูู ุณูุญุชูุง ูููู ุชุฌุงูุจู๐๐  ,complaint
367,   ููู ูููููู ูุนุฑูุฉ ุนุฏุฏ ุงููุบุจูุชุงุช ุงููุจุชุจููุฉ  ,data_offer
368, ูู ุณูุญุชูุง ููู ูููู ุงุนุฑู ุงูุฑูู ุจุชุงุน ุงูุดุฑูุญุฉ ุญูุชDATA ููู ุฑุงุญ ููู ุงูุฑูู   ,data_offer
369,   ุฃุฑูุฏ ูุนุฑูุฉ ุงููุชุจูู ูู ุงูููุบุจุงูุชุงุช ุดุฑูุญู ุฏุงุชุง ุชูุดูุท ุดูุฑ  ,data_offer
370,   ูุง ุจูุตุฏ ุงูู ุนูุฏู ุฎุฏูุฉ ุญูุช ุดูุฑ ุนุงูุฒุงู ุงุดูููุง ุฎูุตุช ููุง ูุง ูุดุฑูุญุชู Data  ,data_offer
371,   ุนุงูุฒุง ุงุนุฑู  ุจุงูู ุงูุฑุตูุฏ ุฃููู ุงูุชูููู ุงูููุฏ ูู  ,voice_offers
372,   ุนุฑูุถ ุงูุงูุชุฑูุช  ,data_offer
373, ุงูุณูุงูุฉ ุนูุจูู ุงูุง ูุญูุฏ ุจุฑูุฑ ุนูุฏู ุดุฑูุญุฉ ุงุฑูุจ ุชูุฑ ุฑูู PNK ุงูุดุฑูุญุฉ ูุณุฌู ุจู ุงุณู ุงุจูู ุนูุฑ ุจุฑูุฑ    ,my_sim
374, ุญุงุจู ุงุณุฆุงู ุจุชูุฒูู ุชุฑูููุงุชุ!   ,complaint
375, ูู ุณูุญุช ุงุดุชุฑูุช ุดุฑูุญุฉ ุจูุงูุงุช 5 ูููุงุุ ุนุงูุฒุฉ ุงูุฃููุงุฏ ุจุชุงุนุฉ ุงูุจุงูุงุช ูุงุณุนุงุฑูุง    ,data_offer
376, ุดูุฑุงุุ ุณุคุงู ุชุงูู ููุณ ุงูุดุฑูุญุฉ ุฏู ูููู ุงุญูููุง ูู ุดุฑูุญุฉ ุนุงุฏูุฉ ุงู ุฏูุน ุขุฌูุุ    ,my_sim
377, ุงูุณูุงู ุนููููุุ ุฎุฏูุฉ ุงูุฅูุชุฑูุช ุถุนููุฉ ุฌุฏุง ูููุง ุงูุชุฑ ูู ุงุณุจูุนุุ ุงููุดููุฉ ุดููุุุ ๐    ,complaint
378, ุฎุฏูุฉ ุงูุฅูุชุฑูุช ุถุนููุฉ ููู ุดููุฉ ุงูููุณุจูู ูุทูุน ุนูู ุงููุถุน ุงููุฌุงูู ูุน ุงูู ุนูุฏู ุฑุตูุฏ 3 ูููุง ูุงูุฎุฏูุฉ ุจุชุฎูุต ููุงูุฉ ุงูุดูุฑุุ ๐ค    ,complaint
379, ุนุงูุฒุฉ ุนุงุฑูุฉ ุงูุดุฑูุญู ุงูุงูุชุฑูุช ุจูุงู  ,data_offer
380, ุนุงูุฒุฉ ุนุงุฑูุฉ ุงูุดุฑูุญู ุงูุงูุชุฑูุช ุจูุงู  ,data_offer
381, ูู ุชูุฌุฏ ุดุฑุงูุญ ุงู ุชู ุงู ุฏุงุชุง   ,data_offer
382, ูููุง ุชุฎุชูู ุดุฑูุญุฉ ุงูุจูุงูุงุช ุนู ุดุฑูุญุฉ ุงูุงุชุตุงูุงุช  ,data_offer
383, ูู ูููุง ุชุญูู ุฎุฏูุฉ ุงููููู ูุจู ุงูููุงุฏ   ,data_offer
384, ูู ูููู ุชุญููู ุดุฑูุญุชู ุงูู ุดุฑูุญุฉ ุจูุงูุงุช   ,my_sim
385, ูู ุชุฏุนู ุดุฑูุญุฉ ุงูุจูุงูุงุช ุงูููุงููุงุช ุฏุงุฎู ูุฎุงุฑุฌ ุงูุดุจูุฉ   ,my_sim
386, ูู ูููู ุงูุฅุดุชุฑุงู ูู ุนุฑุถ ุงููููุง ูู ุดุฑูุญุฉ ุงูุจูุงูุงุช   ,data_offer
387, ููุงุฐุง ูู ุชุฐูุฑ ุงูุนุฑุถ ูุน ุงูุนุฑูุถ ุงุนูุงู ุงูุฑุฌุงุก ูุชุงุจุฉ ุฌููุน ุงูุนุฑูุถ   ,complaint
388, ุณูุนุช ุงูู ูููู ุชูุนูู 5ูููุง ูู ุดุฑูุญุฉ ุงูุจูุงูุงุช ูู ูุฐุง ุตุญูุญ   ,data_offer
389, ูู ุงู ูุฑูุฒ ูููููู ุงูุญุตูู ุนูู ุดุฑูุญุฉ ุงูุจูุงูุงุช   ,service_centers
390, ุงูุช ูุงููู ุชุนุจุชูุง ุณุงู   ,complaint
391, ูู ุงูุงูู ูุงู ุชูููู ู ูุชููุฑุฉ   ,complaint
392, ุทูุจ ุฎุงุต ุงุณุชูุณุฑ ุงููุฑุงูุฒ ูุงุนูููู ุจุงู ูุฑูุฒ ุชูุฌุฏ ูู ูุง ุงุชุนุจ ุจุงูุชุฌูุงู ููุง ูููุงู   ,complaint
393, ูููู ุฎุฑูุทุฉ ูููุฑุงูุฒ ูู ููุงูุฉ ุงูุฎุฑุทูู   ,service_centers
394, ุญุณูุง ุงูู ููุน ูุฑูุฒ ุงูููุงููุฉ ููุฉ   ,service_centers
395, ุงุฑุฌู ุงุนุทุงุฆู ูุงุฆูุฉ ูุฎุฏูุงุช ุฅูุชุฑูุช ุดุฑูุญุฉ ุจูุงูุงุช ูู ุงูุงุดุชุฑุงูุงุช ุงูุนุงูุฉ ูุงูุฎุงุตุฉ   ,data_offer
396, ุงุดุชุฑูุช ุดุฑูุญุฉ ุจูุงูุงุช ุจุณ ู ุณุฑูุนุฉ ูุงูุง ูู ููุงูุฉ ุงูุฎุฑุทูู ูุนุฉุงูุนูู ุงูู ูุนูุช ุจุดุฑูุญุฉ ุนุงุฏูุฉ ููู ุงุณุฑุน ูููุง ูู ุงูุฅูุชุฑูุช ูู ููุฌุฏ ูุดููุฉ ูู ุงูุดุฑูุญุฉ ู ุชููู ูู ุณูุงุณุฉ ุงุณุชุฎุฏุงู ุงูุง ูุนูุช ุงูุงู ุจู ุงูุดุฑูุญุชูู ูุงูุดุฑูุญุฉ ุงูุนุงุฏูุฉ ุงุณุฑุน ูู ุดุฑูุญุฉ ุจูุงูุงุช ู ุงููุดููุฉ   ,complaint
397, ุนูุฏู ุดุฑูุญุฉ ุจูุงูุงุช ุฌุฏูุฏุฉ ูู ุจุชุชุตู ููุง ุงุชุตู ุจููู ูู ุชู ุงููุงุก ุงูุงุชุตุงู ุงูุดุฑูุญุฉ ุฌุฏูุฏุฉ   ,complaint
398, ุญุชู ูุฑูุฒ ุงูุฎุฏูุฉ ู ุจุชุชุตู   ,complaint
399, ูู ุณุนุฑ ููููุช mtn   ,data_offer
400, ูุงูู ุงูููููุช ุงูุนุงุฏู ููุงูู ุงูููููุช ุงูุฎุท   ,data_offer
401, ูู ุงูุฏูุน ุงูุงุฌู ูู ููุงู ุณุนุฑ ูุญุฏุฏ ููุงูุฉ ุงูุดูุฑ ุงู ุญุณุจ ูุง ุงุณูููุชู   ,data_offer
402, ุงูุณ ุงุดุชุฑูุช ูููุช ูุดุบุงู ุจูู ุชูุงู ูุจู ุดููุฉ ุฏุฎูุช ุงูุงุนุฏุงุฏุงุช ุบูุฑุช ูููุง ุงุตุจุญ ููุง ุงุฏุฎู ุจุทูุจ ูููุฉ ุณุฑ ุงู ุงุฐุง ุงุฑุฏุช ุนูู ุงุชุตุงู ูุน ุงูู ู ูุชุจุช ุจุฑูุฏ ููููุฉ ุณุฑ ูู ุงูุงุนุฏุงุฏุงุช ูููู ุงููุณุงุนุฏุฉ  ,data_offer
403, ุงุฐุง ูุง ููููู ูุณุงุนุฏุชู ูู ูุง   ,complaint
404, ูู ูููู ุงุณุชุนูุงู ุงููููุช ููุทุฉ ุงุชุตุงู ูุงู ูุงู   ,data_offer
405, ูู ูููู ุงุณุชุนูุงู ุงููููุช ููุทุฉ ุงุชุตุงู ูุงู ูุงู   ,data_offer
406, ุจุงููุณุจุฉ ูู ุดุฑูุญุฉ ุจูุงูุงุช ุฎุท 500ูููุง ููููุฉ ุจุนุฑู ุงูุจุงูู ูู ูู ุงู500 ููู   ,data_offer
407, ููู ุงุนุฑู ูุง ุชุจูู ูู ูู ุงูุญุตุฉ ุงูููููุฉ   ,data_offer
408, ููู ุจุญุณุจ ุงูุฑุตูุฏ ุจุชุงุน ุฏุงุชุง ุฎุทุ   ,data_offer
409, ูู ุณุนุฑ ุงูุฑุณุงูุฉ ุงููุตูุฉ ูุฏููุฉ ุงูุฌุฒุงุฆุฑ   ,voice_offers
410, ูู ูุฏููู ุฎุฏูุฉ ููููุงููุงุช ุงูุนุงูููุฉ ุงู ุงูุณุนูุฏูุฉ ููุท   ,voice_offers
411, ูุฃุฏุฎูุช ุฑูู ุงููุงุชู ููู ุงุญุตู ุนูู ุงูุฑูุฒ ุญุชู ุงููู ุงูุชุณุฌูู   ,complaint
412, Hello can I have puk code for South Africa?    ,my_sim
413, ุฏู ุฑูู ูุณุฌู ูู ุงุณูู ุงูุดุฑูุญุฉ ููุนุช ููู ูุจู ูุชุฑุฉ ู ุฏุงูุฑ ุงุณุชุฎุฑุฌู    ,my_sim
414, ุงูุฑูู ูุณุฌู ููู ุชุณุญุจู    ,complaint
415, ุงุดุชุฑูุช ูููู ุงูููู ุฌูุงุฒ mtn link ูุงูู ุงููุช ุถุนูู ุฌุฏุง ุฌุฏุง ุฌุฏุง ููุงุฏ ูุนุฏูู    ,my_sim
416, ูู ุงูุนุฑุถ ุงูุฎุงุต ุจู ุงูุงูุชุฑูุช ุงููููู ูุงุฆู    ,complaint
417, ูุนูููู ุชูุบู ุนุฑุถ ุงููููุง ู ุชุฑูุนู ุงูุณุนุฑ ูุฏู    ,complaint
418, ูุชูุฑู ุงูุนุฑุถ ุงูุงูู ุงูุถู ุจูุซูุฑ    ,complaint
419, ูููู ุชูุงุตูู ูู ุดุฑูุญู ุงูุจูุงูุงุช    ,data_offer
420, ุนูุฏู ุดุฑูุญู ุณุงูุฑุช ู ุฏุงูุฑ ุงุนุฑู ูุณู ููุนู ู ูุง ุชู ุณุญุจูุง    ,my_sim
421, ุทูุจ ูููู ุงุนุฑู ุงุฐุง ูู ุชุณุญุจ ุจุนุฏ    ,my_sim
422, ุฏุงูุฑ ุงุทูุน ุดุฑูุญู ูุฏููู    ,my_sim
423, ูููู ุฅุฑุณุงู ุนุฑูุถ ุงูุฅูุชุฑูุช ูู ุดุฑูุญุฉ ุงูุจูุงูุงุช    ,data_offer
424, ูููู ุทุฑููู ุชุญููู ุงูุฑุตูุฏ    ,voice_offers
425, ุนูุฏู ุดุฑูุญู ุจุฏู ูุงูุฏ ู ุงูููุธูู ูุงูุช ูฃ ุณุงุนุงุช ู ุจุชุดุชุบู ูุงููููู ูููุง ุฃุณุจูุน ูุฉูุง ุงุดุชุบูุช    ,complaint
426, ุนูุฏู ุดุฑูุญู ุจูุงูุงุช ูุงูุดุจูุฉ ุฒู ุงูุฒูุช  ุชุตูุญ ุชุนุจุงู    ,complaint
427, ุงููุช ุฎุฑุง    ,complaint
428, ุดุจูู ุงููุช ูุนุจู ุดุฏูุฏ    ,complaint
429,  ุนูุฏู ุดุฑูุญุฉ ุจุงูุฑูู 0990386012  ููุดุท ูููุง ุนุฑุฑุถ ูฉูฅ ููุบุง ูู ุงูุตุจุงุญ ู ุจูุชุญ ุงูุดุจูุฉ ู ุจุชูุชุญ ูุนุงู   ุนููุง ุจุฃููุง ูุถุจูุทุฉ ุจุถุจุท ุงูุดุฑูุฉ   ,complaint
430,  ุงูุฎุฏูุฉ  ุงูุนุงูููุง ุงูุง ุงููุฑูุด ุงููุถูุนูุง ูููุง ุญ ุชุฑุฌุน ูู ููุง ู ุจุชุฑุญุน   ,complaint
431, ุงุณู ุงูุชูุช ู ูุง ุฌุงูู ุชุนููุถ   ,complaint
432,  ู ุงูููุช ููุชูู   ,complaint
433,  ููุง ุฑุงุถู ุนููู ููุง ุดู ูุงููู ูุถุทุฑ ุจุณ   ,complaint
434,  ุงููุฐุจ ูููู ูุง ูููุณ ูุงููู   ,complaint
435,  ุฏุฉ ุงูุชูุงู ุฃููุงู ุงููุงุณ ุญุฑุงูุง ุจุบูุฑ ุฑุถู   ,complaint
436,  ุงููุงุณ ุงูุฒูู ุจุชุดูู ุญููููู ูููู ููู ูุง ูููุน ูุงู ููุง ุจููู   ,complaint
437,  ุญุฑุงุงุงูููุฉุฉุฉ   ,complaint
438,  ู ููุขู ู ุฌุงูู ุชุนููุถ   ,complaint
439,  ุนูุฏู ุชุนููุถ ูุง ุงุฏูุชููู ูููู   ,complaint
440,  ูุงูุนุงุฏุฉ ุจุชุชูุฑุจูุง   ,complaint
441,   ุจุชุงููู ูุฑูุด ุงููุงุณ ู ุจุชุชูุฑุจูุง  ,complaint
442,  ุงุงู ุงุญุณู ูููู ุฃูููุง ุงูุญุฑุงู ๐   ,complaint
443,  ูุงูุนุงุฏุฉ ุจุชุชูุฑุจูุง   ,complaint
444,  ุงููู ูุงุฎุฏ ุญูู ูููู  ๐   ,complaint
445,  ุดูู ุทูุจ ุงูุฌูุงุช ุงููุฎุชุตุฉ ุฏู ูุงูุง ูุง ุงุฏุชูุง   ,complaint
446,  ูุถูุน ูู ูุฑูุดูุง ุณุงู ูุนูู ู ุงูุชูุง ู ุชุฏููุง ุจููู ุดู   ,complaint
447,  ุฃุฎูุงูู ุงุณู ุจุชููู ูู ูุฎุฑุชู  ุฎูู ุงููุฐุจ ู ูุณุนุฏ ุงูุฌุงูุฉ ูู ูุณุงู ุงุนูุฌ ุฏู   ,complaint
448,  ุงูุฑูู ุงูููุถุญ ุฃุนูุงู ุดุฑูุญุฉ ุจูุงูุงุช  ุจุงูุฃูุณ ูู ุชูุงู ุงูุณุงุนุฉ 8:48  ุตุจุงุญุงูู ุชู ููุงุฐ ุญุตุฉ ุงูุงูุชุฑูุช ุงูููููุฉ  ู ูุฏ ููุช ุจุชูุดูุท ุฎุฏูุฉ 500 ููุบุงุจุงูุช ุซุงูููุฉ ูุญูู ุนูุฏุฉ ุงูุณุนุฉ ุงูููููุฉ ููููู ุงูุชุงูู  ู ูุฏ ุงูุชูุช ู ููุชุฑุถ ุฃู ุชููู ุงูุญุตู ุงูููููุฉ ูุฏ ูุฒูุช ููู ูู ุชูุฒู ููุง ูููููู ุงููููุฌ ููุงูุชุฑูุช ูุธุฑุงูู ูุนุฏู ุชููุฑ ุจูุงูุงุช   ,complaint
449,  ุฃุฑูุฏ ุฃู ุฃุนุฑู ูู ุงูุญุตุฉ ูู ุชูุฒู ุจุนุฏ   ,complaint
450,  ุงููุทุนุช ูุฑุฉ ุฃุฎุฑู   ,complaint
451,  ู ูุฒูุช ุงูุญุตุฉ ุงูููููุฉ ููุงูุชุฑูุช ููุดุฑูุญุฉ ู ูุงุฏุฑ ุงุณุชุฎุฏู ุงูุงูุชุฑูุช   ,complaint
452,  ู ูุฒูุช ุงูุญุตุฉ ููุขู ู ูุชุฏุฑ ุงุณุชุฎุฏู ุงููุช   ,complaint
453,  ุจุชุตู ุนูููู ู ู ุจุชุฑุฏูุง   ,complaint
454,  ุนูุฏู ุดุฑูุญุฉ ูุดุทุช ูููุง ุฎุฏูุฉ ูฅูู ููุบุง ูุจู ุดููุฉ ู ุงุจุช ุชุดุชุบู ูุช ููุงุงุงู   ,complaint
455,  ุงูููุทูุฉ ุฏู ููุชูู ููู ุญุชู ุชูุชููุ   ,complaint
456,  ู ุฎุฏูุชู ุงููุดุทุชูุง ุฏู ุชุฑูุญ ุณุงู ูุนููุ   ,complaint
457,  ููุชูู ููู   ,complaint
458,  ุงูุง ุฏุงูุฑ ูุฑูุดู ุฒุงุชู ุฎููุชูุง ูููู ุงูุฎุฏูุฉ   ,complaint
459,  ุฑุฌุนูุง ูู ุงููุฑูุด ู ุดูููุง ุฎุฏูุชูู   ,complaint
460,  ุงุจูุนู ุฑุตูุฏ ุฃุญุณู ูู ุงุณุชููุฏ ูููู ูุฑูุด   ,complaint
461,  ุจุฏู ุชุงููููู ููู ูุง ุญุฑุงููุฉ   ,complaint
462,  ูุนูุจ ุฑุงุณู ุฅู ุดุงุก ุงููู ุงูุฑ ุฑุตูุฏู ุงูุง   ,complaint
463,  ุงูุชูุง ุงูุจุชุณูููู ู ุนุงุฑููู ุดูู   ,complaint
464,  ุงูุง ุฏุงูุฑ ุฑุตูุฏู ุงููุดุทุชุง ุจููู ุฐุฉ   ,complaint
465,  ุฎููุช ูููู ุงูุฎุฏูุฉ   ,complaint
466,    ุณุฑุนุฉ ุงููุช ุจุทูุฆุฉ ุงูุงูุงู ุฏู ููู ูุน ุงูุนูู ุงูู ุจููู ููุดุท ูููุง    ,complaint
467,    ููู ูููู ุงููุจ ุงูุดุฑูุญู ุงู3G ู 4G   ,data_offer
468,    ุณุฑุนุฉ ุงููุช ุจุทูุฆุฉ ุงูุงูุงู ุฏู ููู ูุน ุงูุนูู ุงูู ุจููู ููุดุท ูููุง   ,complaint
469,    ููููุฉ ุชุญุณูู ุงูุดุจูู   ,data_offer
470,    ุงูุณูุงู ุนูููู ูุฌูุนุฉ ูุจุงุฑูุฉุุุจุณุงู ุนู ุจุงูุงุช ุงูุงูุชุฑูุช ูุงุณุนุงุฑูุง   ,data_offer
471,    ุงูุณูุงู ุนูููู ุจุณุงู ุนู ุทุฑููุฉ ุชุญููู ุงูุดุฑุญุฉ ุงูู ุงู4G ูุนู ุงุณุนุงุฑ ุงูุจุงูุงุช ุงูุดูุฑูู ููุงูุชุฑูุช   ,data_offer
472,    ุจุณุงู ุนู ุฎุฏูุงุช ุจุงูุงุช ุงูุงูุชุฑูุช ูุดุฑูุญู ุงูุฏุงุชุง ูููููุช ุชูุนูููุง   ,data_offer
473,    ุนุงูุฒ ุงุนุฑู ุนุฑูุถ ุฎุฏูุฉ ุงูููุงููุงุช ูุงูุงุณุนุงุฑ   ,voice_offers
474,    ููู ูููู ุงุนุฑู ุฑููู ูู ู ูุชุฐูุฑู ูุซูุง   ,my_sim
475,    ุชุญููู ุงูุฑุตูุฏ ูู ุชููููู ูู ุงูููู 500 ุฌ ููุท ูุนูู ุฏูุนุงุช ุจูุงูุน 100 ุฌ   ,voice_offers
476,    ุณูู ุงูุชุญูููุงุช ูู ุงูููู ุงููุงุญุฏ   ,voice_offers
477,    ุนุงูุฒ ุงุนุฑู ููู ุงูุฏุฑ ุงูุดุท ุงูุจุงููุฉ ุงูุดูุฑูุฉ   ,data_offer
478,    ุญุงุจู ุงุณุชูุณุฑ ุนู ุฎุฏูู 5 ูููุง   ,data_offer
479,    ุงูุดูุฑู ูู   ,data_offer
480,  ููู ููููู ูุนุฑูู ูุง ุชุจูุง ูู ูู ูููุง ุจุงูุช   ,data_offer
481,    ููู ููููู ูุนุฑูู ูุง ุชุจูุง ูู ูู ูููุง ุจุงูุช   ,complaint
482,    ุนูุฏู ุดุฑูุญู ููููุฏู ุนุงูุฒ ุงุทูุนูุง   ,my_sim
483,    ุนุงูุฒ ุงุณุชูุณุฑ ุนูู ุดุฑูุญู ููููุฏู   ,my_sim
484,    ุดุจูุชูู ูุงูุง ูุนุจู ุงูููููู ุฏูู   ,complaint
485,    ุงูุดูุฑู ูู ุฎุฏูู ููุงููุงุช ุงู ุชู ุงู   ,voice_offers
486,   ุดุฑูุญุชู ุบูุฑ ูุณุฌูู ูุถุงุนุช ูู ูููููู ุงุณุชุฎุฑุงุฌูุง ู ุชุณุฌูููุง  ,my_sim
487,    ุฎูููู ูุชูุงูููู ูู ูุถุนู   ,complaint
488,    ููููู ุชุญูู ุงูุฑุตูุฏ ูู ุดุฑูุญู ูู ุงุฎุฑู   ,voice_offers
489,    ุงุฑูุฏ ุดุฑุงุก ุฑูู ูููุฒ   ,my_sim
490,    ุณุนุฑ ุงูุดุฑูุญู   ,data_offer
491,    ุนูุฏู ุดุฑูุญู ุทูุนุชูุง ูููุง 24ุณุงุนู ุงุจุช ุชุดุชุบู ููู   ,complaint
492,    ุดุฑูุญุชู ุทูุนุชูุง ุจุฏู ูุงูุฏ ูุง ูุงุนุฏู ุชุดุชุบู ูุนุงู   ,complaint
493,    ุงูุดุฑูุญู ูุง ูุฑุช ููู   ,complaint
494,    ุฏู ููุงู ุงุจุช ุชุดุชุบู ููู   ,complaint
495,    ุงูุดุฑูุญู ุชุดุชุบู ุจุนุฏ ูู ูู ุฒูู ุงุฏุฎุงููุง ูู ุงูุชูููู   ,my_sim
496,    ุงุฐุง ุงุฏุฎูุช ุดุฑูุญู ุฌุฏูุฏู ูู ุงูุชูููู ุจุนุฏ ูู ูููููู ุงูุงุชุตุงู ุจููุง   ,complaint
497,    ูู ุชุจูุง ูู ูู ุงูุญุตู  ,data_offer
498,    ูู ุชุนุงูู ุดุจูุชูู ูู ูุดููู   ,complaint
499,    ุดุฑูุญุชู ูููุง ูุดููู   ,complaint
500,    ูุง ูุงุนุฏูู ูุฌูุจู ููู ุงูุฑุตูุฏ   ,complaint
501,    ุงูุดุฑูุญู ุงูุฎุท ุงุณุชุฎุฏุงู ุงูุชุฑูุช ููุท ูู ุณุนุฑูุง   ,data_offer
502,    ุงูุดุจูู ุงูููููู ุงููุงุชู ูุนุจู ููุง ุดูู   ,complaint
503,    ุนูุฏู ุดุฑูุญู ุฎุท ููููุง ุจุฏููู ูููุง ู ูุจู ูุง ุชูุชูู ุงููููุง ุจูููู ููู ุงูุชูุช ุงูุจุงูู ุงูููููู ูู ุงูุงูุชุฑูุช ุงูุณุจุจ ุดูู   ,complaint
504,    ูู ูุชูู ูุนูู   ,complaint
505,    ููู ููููู ูุนุฑูู ูุงุชูุฑุชู ุงูุดูุฑูู   ,voice_offers
506,    ุนูุฏู ุดุฑูุญู ุฌุฏูุฏู ุฎุท ุงูุชุฑูุช ูููุง 24 ุณุงุนู ู ูุชุญุช   ,voice_offers
507,    ุทุฑููู ุชุญูู ุงูุฑุตูุฏ   ,complaint
508,    ุดูู ููู ุดุฑูุญุชู ูููุง ุฑุตูุฏ ูู 0920202190   ,voice_offers
509,    ุงูุดุฑูุญู ูููุง ูุดููู   ,complaint
510,    ุนูุฏู ุดุฑูุญู ู ุจุชุญูู ุฑุตูุฏ ุจููู ูู ุดูู  ,complaint
511,    ุงูุดุฑูุญู ุญูู ูุง ูุงุนุฏู ุชุณุชูุจู ุฑุตูุฏ ุชุญููู   ,complaint
512,  ุดููู ููู ูุดููุช ุงูุดุจูู ุดูู ุฑููู 0999518360   ,complaint
513,    ุดููู ููู ูุดููู ุงูุดุฑูุญู ุฏู ูุทุน ุงููุช ูููุง 0999518340   ,complaint
514,    ุงููุช ุนูุฏู ูุงูู   ,complaint
515,    ุฎุฏูุช ุงูุฅูุชุฑูุช ูุฏู ููููู   ,complaint
516,    ูุงุชูุฑุชู ูู   ,voice_offers
517,    ุดุจูุช ุฌูุงูู ุถุนููู   ,complaint
518,    ุงูุดุจูู ูุนุจู   ,complaint
519,    ุงูุดุจูู ูุนุงู ูุนุจู  ,complaint
520,    ุดููู ููู ุงููุช ูุงูู ูุงุทุน ููู   ,complaint
521,    ุงููุช ูุงูู ูุน ุจุทู  ,complaint
522,    ุงููุช ูุนุงู ุถุนูู   ,complaint
523,    ุงูุงูุชุฑูุช ุญูู ุถุนูู ููุง ุจุดุบู ููุชููุจ  ,complaint
524,    ูู ูุชูู   ,complaint
525,    ุดุฑูุญุชู ุงููุช ููู ูููุง  ,complaint
526,     ุตุจุงุญ ุงูุฎูุฑ ูู ุณูุญุช ุงูุง ุนูุฏู ุดุฑูุญู ุจูุงูุงุช ูุนูุชูุง ุจุงูุงุดุชุฑุงู ุงูุดูุฑู ููุง ุงุฑูุจูุง ูู ุงูุฑุงูุชุฑ ูุง ุจุชุดุชุบู  ุจุณ ุจุชุดุชุบู ูู ุงูุชูููู    ,complaint
527,    ุงูุง ุนูุฏู ุฎุท ุจูุงูุงุช ูู ุงุฑูุจุง ูุฏูุนุช ุงููุงุชูุฑู ูุจู ููููู ูู ูุฑุน ูู ูุฑูุนูู  ููู ููู ุฏูุนุชูุง ุงููุช ุนูุฏู ุจุทูุก ููุง ุจุดุชุบู ูุจููู ูุฌุงู ุจุฏูู ุงุนุฑู ูู ุงุณุชูููุชู ููุง ูุง   ,complaint
528, ุนุงูุฒ ุงุนุฑู ุจููุช ุงูุฎุฏูุฉ,data_offer
529, ุนุงูุฒ ุงุนุฑู ุจููุช ุงูุฎุฏูุฉ,my_sim
530, ูุนูุชู ูููุง ูุนุงูุฒ ุงุนุฑู ุจูู ุงูุฎุฏูู,data_offer
531, ูุนูุชู ูููุง ูุนุงูุฒ ุงุนุฑู ุจูู ุงูุฎุฏูู,my_sim
532, ููู ูููู ุชูุดูุท ุฎุฏูู ูุฑุงูุจ ,voice_offers
533, ูุชูุดูุท 500 ูููุจุงูุช ,data_offer
534, ุทุฑููู ุชุญููู ุงูุฑุตูุฏ,my_sim
535, ุฏุงูุฑ ูู ุฑุตูุฏ,my_sim
536, ููู ูููููู ูุนุฑูู ุฑููู ,my_sim
537, ููู ูููููู ุงุฎุฑุงุฌ ุดุฑุญุชู ุจุฏู ูุงูุฏ ,service_centers
538, ุงูุฑุจ ูุฑูุฒ ุงุฑูุจุง,service_centers
539, ุนูุฏู ูุดููู,complaint
540, ุนูุฏู ูุดููู ูู ุงูุชูุดูุท,complaint
541, ููุฏ ููุช ุจุชูุดูุท 500 ูููุจุงูุช ูููุงูู ูุดููู ุงูู ุนูุฏูุง ุงููู ุจูุชุญ ุงูุจูุงูุงุช ูุง ุชุดุชุบู ุงูุดุจูู ,complaint
542, ููุช ุจุชูุดูุท 500 ูููุจุงูุช ููู ูุนููู ูุง ุชููุต ูุงุฐุง ุงูุนู ุงู ุณูุชู ุชุนูุถู ุงูุฎุฏูู  ,complaint
543, ูุชู ุณูุช ุชุนููุถู ุงู500 ูููุจุงูุช  ,complaint
544, ููุงุฐุง ูู ุชุญู ุงููุดููู ููุฐุง ุฑููู 0925147129  ,complaint
545, ุนูุฏู ูุดููู ูู ุงูุงูุชุฑูุช ูู ุจุงูุชูุดูุท ูุนูุฏูุง ุงูุชุญ ุงูุจูุงูุงุช ูุง ุชูุฑุงุก ุงูุดุจูู ,complaint
546, ูุฏู ูุดููู,complaint
547, ูุฏู ูุดููู ู ุงูุงูุชุฑูุชุ,complaint
548, ูุฏู ูุดููู ู ุงููุช,complaint
549, ุชูุดูุท 250 ูููุง ,data_offer
550, ุทุฑููู ุงูุชุญููู,my_sim
551, ุทุฑููู ุชุญููู ุงูุฑุตูุฏ,my_sim
552, ุงุณุชูุงู ูุจูุบ 20 ุฌููู,my_sim
553, ุฎุฏูู ุชุญููู ุงูููุงููุงุช ,my_sim
554, ุฎุฏูู ุญุธุฑ ุงูููุงูุงูุงุช,my_sim
555, ุนุฑูุถ ุงูุงูุชุฑูุช,data_offer
556, ุดุฑูุญุฉ ุจูุงูุงุช.. ููู ุงุณุชุทูุน ูุนุฑูู ุงูุฑูู ,my_sim
557, ุฌูุงุฒู ููุงูู ูุฏุฎูุช ุดุฑูุญุฉ ุจูุงูุงุช ูุง ุงุดุชุบูุช ูุง ุนุงุฑูุฉ ุงููุดููุฉ ,complaint
558, ูุง ูุงุณ ุงูุญุงุตู ุดูู ูู ุงูุดุจูุฉ ,complaint
559, ุงูููุงูุฉ _ ุงูุงุชุตุงู ูุนุจุฉ ูุงููุช ุงูุนุจ ูููุง _ุฑูู ุงูุดุฑูุญุฉ 0927788820,complaint
560, ุจุณุฃู ูู ุฎุฏูุฉ ุงูุงูุชุฑูุช ุงู ูููุง ูู ุงูููู ููุชุฃููุฏ ุงูุดุฑูุญุฉ ุฏุงุชุง,data_offer
561, ุชุญูุฉ ุทูุจุฉุ ุนุงูุฒ ุนุฑุถ ุจุงูุงุช ุงูุฏูุน ุงูุขุฌู ูุช ูููุงููุงุช + ุดุฑุงูุญ ุงูุจูุงูุงุช ููุฏูุน ุงูุขุฌู ,data_offer
562, ุชุญูุฉ ุทูุจุฉุ ุนุงูุฒ ุนุฑุถ ุจุงูุงุช ุงูุฏูุน ุงูุขุฌู ูุช ูููุงููุงุช + ุดุฑุงูุญ ุงูุจูุงูุงุช ููุฏูุน ุงูุขุฌู ,voice_offers
563, ุนุฑูุถ ุงูุซุฑ ุนู ุงูุงูุชุฑูุช,data_offer
564, ุงูุดุจูู ูู ุงูุณุงุนู ูจ ูุณุงุก ุจุชุงุนุฉ ุงููุช ูุงุจุชุฑุณู ููุงุจุชุณุชูู = ูู ุงู ุฏุฑูุงู  ุงูุจุฏุฉ,complaint
565, ุฎุฏูุฉ ุงูุฅูุชุฑูุช ุฅูุง ูุญุฏูุฏ   ูุงู ูู ุบูุฑ ูุชุงุญู,complaint
566, ุงุชุตูุช ุจููู ููู ุญุตูุช ุงูุนุฑุถ ูุงู ูู ุบูุฑ ูุชุงุญ ุงูุนุฑุถ,complaint
567, ุดุฑูุญู ุจูุงูุงุช ุงูุชุฑูุช ุดูุฑ ูู ุงูุชูููู  ูุฑูุฒ ุงูุฅุดุชุฑุงู = ุฏุงูุฑุฉ ุงุนุฑู,data_offer
568, ุดุฑูุญู ุจููุงุช ูููุง ุฑุตูุฏ  ุนุงูุฒุฉ ุงุญููู ูู ุดุฑูุญู ุซุงููู  ุทุฑููุฉ ุงูุชุญููู ููู,my_sim
569, ุดุฑูุญู ุจููุงุช ูุงุจุชูุดุท ููู ููู = ุงุฌุงุจู ุนูู ุงูุณุคุงู,complaint
570, ููุด ุงูุงูุงู ุฏู ุงูุดุจูู ุถุนููู,complaint
571, ุงูุนุฑุถ ุงูุงุณุจูุนู ููุฅูุชุฑูุช  ููุณ ุงูุชุนุฑูู ููุง ุฐุงุฏุช,data_offer
572, ุจุณุงู ูู ุฎุฏูุชู ุงูุดูุฑ ุจูู ุดุฑูุญู ุจูุงูุงุช,data_offer
573, ุฎุฏูุฉ ุงููุช ุญูุช ุงูุดูุฑ,data_offer
574, ุนูุฏูุง ูุชูุฌู ูุงูุตูุช,complaint
575, ุงููุชูุฌู ูุงูุตูุชูุง ุงูุฑุณุงูู ,complaint
576, ูู ุงูุดุฑูุญู ุฏู0923388048 ูุชู ุฎุตู ุงูุฑุตูุฏ ููุงุฌุงุชูุง ุงููุชูุฌู ูุงูู ุจุนุฏ ุงูููุชูุฑ ููุณู ูุง ุฌุงุช ,complaint
577, ูู ุชูุดูุท ุงูุดูุฑ ูุช ,data_offer
578, ุนูุฏูู ุฌูุงุฒ Mwifi = ููุงูุชุฑูุช = ุจู ูู ููู ุงู ูุฑุน ูููู ุงุชุญุตู ุนูููู ูู ุงูุฎุฑุทูู ,data_offer
579, ุนูุฏูู ุฌูุงุฒ Mwifi = ููุงูุชุฑูุช = ุจู ูู ููู ุงู ูุฑุน ูููู ุงุชุญุตู ุนูููู ูู ุงูุฎุฑุทูู ,service_centers
580, ุทูุจ mi-fi 4G ูููู ุงุนุฑู ุงูุนุฑูุถ ุงูุจุชุชูุนู ูููู ููู ูู ุนุฑุถ ุณููู ุณูุงุก ูุงู ุฏูุน ููุฏู ุงู ุงุฌู ,data_offer
581, ูุงูู ุนุฑูุถ ุบูุฑ ูุญุฏูุฏุฉ ูุซูุง ุฒู ุงูุจูุงุชููู = ููู ููุฌุฏ ุนุฑุถ ุตูุงุญูุชู ุงูุชุฑ ูู ุดูุฑ = ูุนูู ุฒู ุงู 500 ูููุง ูุงูู ุตูุงุญูุฉ ุงูุซุฑ ูู ุดูุฑ = ูุงู ูู ุนูุฏูู ุนุฑุถ ุจูุงุชููู ุณููู ูู ูู ูุชููุฑ ูุน ุฌูุงุฒ mi-fi ,data_offer
582, ุงูุนุฑุถ ุงูุจูุงุชููู ุงูุดูุฑู ูู = ูุฌูุงุฒ mi-fi = ุงูุตุฏ ูู ุณุนุฑ ุงูุนุฑุถ ุงูุจูุงุชููู ุงูุดูุฑู ูุฌูุงุฒ mi- fi ,data_offer
583, ุงูุณูุงู ุนูููู ุนุงูุฒ ุนุฑูุถ ุงููุช ููุฌูุงู ุบูุฑ ูุญุฏูุฏุฉ ููุญุฏูุฏุฉ ,data_offer
584, ุนูุฏูู ุนุฑูุถ ุนูู ุงุฌูุฒุฉ ูุงู ูุงู ,data_offer
585, ูู ุนุฑูุถ ุดุฑูุญุฉ ุจูุงูุงุช ุณูููุฉ = ุณูุงุก ุขุฌู ุงู ููุฏู ,data_offer
586, 0922987823 ูุงุจูุฏุฑ ุงูุนู ุนุฑุถ ูุช ูู ุงูุดุฑูุญุฉ ูู ูู ุนุฑุถ ููุนู ,my_sim
587, ุงูุณูุงู ุนูููู ุนูุฏู ุนุฑุถ ุจูุงุชููู ุดูุฑู ููุนู ุนูู ุฑููู ุงุจุบู ุงุชุงูุฏ ุชู ุชูุนูู ุงูุนุฑุถ ุงู ูุง,my_sim
588, ุทูุจ ูุฏู ุณูุก ูู ุดุจูุฉ ุงูุงูุชุฑูุช ูููู ูููู ูู ุงูู ,complaint
589, ุนูุฏูู ุฌูุงุฒ ููุจู ูุงู ูุงู ,data_offer
590, .ุดุฑูุญุฉ ุจูุงูุงุช ุจุชููู ูู ููุงูู ุงูุนุฑูุถ ,data_offer
591, ูุนุฑูุฉ ุฑุตูุฏ ููุชุจูู ูุบุจุงูุชุงุช ุงูุดุฑูุญุฉ ,my_sim
592, 0998303631 ูู ุงูุนุฑุถ ุงูุจูุงุชููู ุงูุดูุฑู ููุนู ุจุงูุดุฑูุญุฉ = ูุงูู ุนูุฏ ุงูุชูุนูู ุจูููู ูู ูุดุชุฑู ูู ุงูุนุฑุถ ,my_sim
593, 500 ูููุง  ,data_offer
594, ุฏุงูุฑ ุงุณุฌู ุงูุดุฑูุญุฉ ุฏู = 0923256364 ,my_sim
595, ุงูููุง ุจูุนูููุง ููู = ูู ุณุนุฑ ุชูุนูู ุงููููุง ูููู  ,data_offer
596, ุจุณุงู ูู ุงูููุฏ ุจุชุงุน ุงููููุง = ูููู ูุงุญุฏ = ุงูุดุฑูุญู ุนุงุฏูู ูุงุง ุฏุงุชุง ,data_offer
597, ุชูุนูู ุงูุงูุชุฑูุช ู ุฏุงุชุง = ุงู ุงุชู ุงู = ูฃู ูููุง ุจ ูู  = ุจุชุงุนุช ุงููู ููู ูููุง ุฏูู,data_offer
598, ุนูุฏู ุดุฑูุญู ุฏุงุชุง = ูุนูุชูุง ุงุณู ุงูุจุงูุฉ ุฒูุจูุฉ ุงุจุช ุชุดุชุบู ,complaint
599, ุนูุฏู ุฑูู 0924449638 ููู ูุดููุฉ ูู ุงูุงุชุตุงู ูุน ุงูู ุณุฌูุชู = ุงุณุชูุจุงู ุงูููุงููุงุช ูุงูุงูุชุฑูุช ุดุบุงู ุจุฏูู ูุดุงูู ูุญุชู ุชูุนูู ุงูุฎุฏูุงุช = ุจุณ ุนูุฏ ุงูุงุชุตุงู ุจูุนูู ุงููุงุก ุงูููุงููุฉ ูุจุงุดุฑุฉ ,complaint
600, ุนูุฏู ุดุฑูุญุฉ ุนุงูุฒู ุงุณุชุจุฏุงู ุงุชูุฌูุช ูููุชุจูู ูู ุจุญุฑู ุงููุฒุงุฏ ูุงูุงุฏููู ุจุงูุชูุฌู ุงูุฎุฑุทูู ููู ุจุฏูู ุชูุถูุญ ุงูุณุจุจ = ูู ุงูููุชุจ ูุนูู ูู ุงูุชุณุฌูู ููุท ูู ูุฐู ุงููุชุฑุฉุ ุงู ููุงู ูุดููุฉุงุฎุฑู ,service_centers
601, ููู ุงุนุฑู ุงููุชุจูู ูู ุงูุฑุตูุฏ ูุดุฑูุญุฉ ุจููุงุช,my_sim
602, ุงูุง ุนุงูุฒ ุงุนุฑู ููุฏ ูุชุจูู ุฑุตูุฏ ูุช ูุดุฑูุญุฉ ุงูุจูุงูุงุช 5ูููุง,my_sim
603, ุจุณุชูุณุฑ ุนู ูุงูุงู ูุง ูุญุฏูุฏ ูุชููุฑ ุงู ูุง,data_offer
604, ุณุนุฑ ุงูุงุดุชุฑุงู ุงูุดูุฑู ูููุงูุงู,data_offer
605, ุฎุฏูุฉ ูุฒุงุฒูู ูุง ุชุนูู,complaint
606, ูููู ูุชุตู ูู ุฒูู ูุณูุน ุฌุฑุณ ุจุณ,complaint
607, ุฏุงูุฑ ุงุดุชุฑู ูู ุฎุฏูุฉ ููุจุงูู ูุงุด ููู ูุฑุฉ ูุทูุจ ููู ุงุฏุฎุงู ุงูุฑูู ุงูุณุฑู ููุง ุจูุณุฌู ูุนุงู,complaint
608, ุงุดุชุฑูุช ุดุฑูุญุฉ ุฌุฏูุฏู ูุทูุนุช ูุง ูุณุฌูู,my_sim
609, ุฏุงูุฑ ุงุนุฑู ุงููุงุฏ ุฎุฏูุงุช ุงูุฏุงุชุง,data_offer
610, ูู ุณูุญุช ุนุงูุฒ ูู ุฌูุงุฒ ูุงูุงู ุจููุงูู ูู ูุฑูุฒ ุงููุชูุญุงุจุ,data_offer
611, ุนูุฏู ุชูุงุชุฉ ููู ุดุจูุฉ ุงููุช ู ูุงุนุฏ ุชูุชุญ ูุนุงู,complaint
612, ุนูุฏู ุงูุดุฑูุญุฉ 0999209423 ุงููุช ุจุชุงุนุฉ ูุงุทุน ูุน ุงูุนูู ุงูู ุฏูุนุช ูุงุชูุฑุฉ ููู 18 ุดูุฑ ุชูุงุชุฉ,complaint
613, ุนูุฏู ุงูุฑูู 0999209423 ูุงุทุน ูุช ู ุขุฎุฑ ูุงุชูุฑุฉ ูุงูุช ููู 18 ุดูุฑ ุชูุงุชุฉ ูููู ุงุนุฑู ุงููุดููุฉ ููู,complaint
614, ูุณุนุฏ ุตุจุงุญู ูู ุถุนู ุดุฏูุฏ ูู ุงูุดุจูุฉ ุนูุฏูุง ุชูุงุชุฉ ููู ,complaint
615, ุงูุดุจูุฉ ุฏู ูุนุจุฉ ููุง ุฑุณุงูุฉ ู ุจุชูุฏุฑ ุชุฑุณููุง ุดูู ูููุง ูููุง ุญู,complaint
616, ุงูุตูุงูุฉ ุฏู ุนูุฏูุง ุดูุฑ ู ูู ููู ุงูุดุจูุฉ ูุงุดุฉ ุฃุณูุฃ,complaint
617, ุนูุฏู ุดุฑูุญุฉ mtn  ูููุช,complaint
618, ุจุณุงู ูู ุฎุฏูุงุช ุงูุงูุฑูุช ู ุดุฑุจุญุฉ ุงูุฏุงุชุง ,data_offer
619, ุฏุงูุฑ ุฎุฏูุฉ ุงููููุง ููู ูุดุฑูุญุฉ ุงูุฏุงุชุง,data_offer
620, ุงูุณูุงู ุนูููู ุนุงูุฒ ุฃุนุฑู ุฎุฏูุฉ ุงููุช ูู ุงูุดุฑูุญุฉ ุฏู ุชูุชูู ุจุชูู 0929650481,my_sim
621, ูุงุฎู ุนุงูุฒ ุฃุนุฑู ุงูุฎุฏูุฉ ูู ุงูุฑูู ุฏุง 0929650481 ุชูุชูู ุจุชูู,my_sim
622, ุนูุฏู ุฑูู ุงูุดุฑูุญุฉ ุฏู ุนุงูุฒ ุฃุนุฑู ุฎุฏูุฉ ุงูุฅูุชุฑูุช ุญูุชุง 0929654397,my_sim
623, ูู ุฃูุชุญ ุงูุฏุงุชุง ูุง ุจุชุดุชุบู ูุง 4g ููุง 3g ูููุง ุฒู ุณุงุนู ูุฏุง ูุน ุฅูู ุฃูุณ ููุช ููุดุท ุดุฑูุญุฉ MTN ุชุงููุฉ 3ุฌู,complaint
624, ุงูุดุฑูุญู ุฏู ูููุง ุฎุฏูุฉ ูุฃุจุช ุชุดุชุบู 0929650451,complaint
625, ูุชุงูู ุญุงุฌุฉ ููู ุฃุถุบุท ุงูููุฏ *141# ุฃุดุงู ุฃุนุฑู ุงูุฑุตูุฏ ุจููููููู sorry.. ,complaint
626, ุจุณ ููู ุฃุนุฑู ุงูุฑุตูุฏ,my_sim
627, ุนุงูุฒ ุชูุงุตูู ุงูุฎุฏูุฉ ูุดุฑูุญุฉ ุฏู 0929656038,my_sim
628, ุงูุดุฑูุญุฉ ุฏู ุญูุฉ ููุฆุฉ ุงูููุงูู ุงูุจุญุฑูุฉ ุจูุฑุชุณูุฏุงู ุฃุฏููู ูููุง ูููุง ุฎุฏูุฉ ุฅูุชุฑูุช ุนุงูุฒ ุฃุนุฑู ูููุง ูู ูููุง ูููุฏุฉ ูู ุดูุฑ ูุชูุชูู ุจุชูู,my_sim
629, ุนูุฏ ุดุฑูุญู ุฏุงุชุง ุนุงูุฒุงู ูููุฉ ููุต ูููู ููุฏุฉ ุดูุฑ ูุง ุฑูู ุงูููุฏ,data_offer
630, ููุงุฑูู ุณุนูุฏ ุนูุฏู ูุดููู ููู ุงูู ูุง ุงุณุชุทูุน ุงุฌุฑุงุก ููุงููู ุตูุชูู ูุชู ุงูุงููุงุก .. ููู ุงููุช ุดุบุงู ูุงุณุชูุจุงู ุงูููุงููู ุงู,complaint
631, ุจุณุงู ูู ุดุฑุงุฆุญ ุฏุงุชุง ูููุช ูุงุณุนุงุฑูุง,data_offer
632, ูุนูุช ุงูุชุฑูุช 50. ูููุง ูุจู ุฏูููุชูู ูุชู ููุชูู ุงูุนุฑุถ,my_sim
633, ุฎุฏูุงุช ุงููุดุชูููู ูุงููุฑุงูุฒ ุงูุดุบุงูู ,service_centers
634, ุงู ุนูุฏู ุดุฑูุญุฉ ุจูุงูุงุช ุฎุฏูุฉ ูู ููู ูููุง  ุงููุง ููู ุงุนุฑู ุงููุชุจูู ูู ุงูุจูุงูุงุชุ,my_sim
635, ููุง ุงุชุตู ุนูู *9# ุจูููู ูุง ููุฌุฏ ุฎุฏูุฉ ุงู ููุณ ูุฏูู ุฎุฏูุฉ ูุดุชุฑู ุจูุง ุญุงุฌุฉ ุฒู ูุฏุง,complaint
636, ูุงููุฑู ุจูู ุงูุงูุชุฑูุช ุงูุฐูุจู ูุงูุงูุชุฑูุช ุงูุจูุงุชููู ูู ุนุฑูุถ ุงูุจูุงูุงุช,data_offer
637, ุทูุจ ูุงูุจุงููุฉ ุงูุจูุงุชูููุฉ ++ ุจุฑุถู ุงููุฑู ูู ุงูุณุฑุนุฉ ุ,data_offer
638, ุทูุจ ูุงูุนุฑุถ ุงููู ูููู ูฃ ูููุง ูู ููู ุงุณูู ุดูู,data_offer
639, ุงูุณูุงู ุนูููู  ุงููุถูุงุก ูู mtn ุงูุง ูุดุชุฑูุฉ ูู ุงูุจุงูุฉ ุงูุจูุงุชูููุฉ ูุงูููุฑูุถ ููุชูู ุงูุงุดุชุฑุงู ููู ูฃูก _ ูกู ุ ุงูุณุงุนุฉุฉ ูฉ ุจุงูููู  ููู ุงูุณุงุนุฉ ูกูข ุจุงูููู ููู ูฃู  ุงูุฎุฏูุฉ ุงูุชูุชุ ุงูุณุจุจ ุดูู ุ,complaint
640, ููุฏ ุจุชุง 1000ูููุจุงูุช,data_offer
641, ุฌููุน ุฑููุฒ ุจุชุง ุงูุชุฑูุช ,data_offer
642, ุงููุงุฏ ุจุชุง ุงูุชุฑูุช ,data_offer
643, ููู ุชุญููู ููุบุงุจูุช ูุดุฑูุญุฉ ุชุงูู ,my_sim
644, ุนูุฏู ุดุฑูุญุฉ ุฌููุน ุงุฑุงูู ูู ูุญุธูุฑุฉ ูุญู  ููู,complaint
645, ูู ุฏุงูุฑ ุงุชุตู ุจููู ูุฐุง ุฑูู ูุญุฌูุจ ุบู ุฎุฏูุฉ ,complaint
646, ููู ุงูุนู ุจุงูุงุช ุงูุงูุชุฑููุช,data_offer
647, ุจุณุฃู ูู ุฎุฏูุงุช ุดุฑุงุฆุญ ุงูุจูุงูุงุช,data_offer
648, ูู ุฎุฏูู ุจูุงูุงุช ููุฏู ุดูุฑ ููููุง 500 ููุฌุงุจุงูุช ุฏู ุจุชุชุนูู ููู,data_offer
649, ุนูุฏู ุดุฑูุญู ูุง ุจุชุญูู ุฑุตูุฏ ุจุงูุฑูู 0997598459,complaint
650, ูููู ุงุนุฑู ุฌููุน ุฎุฏูุงุช ููุงููุงุช MTN ูุทุฑููู ุงูุงุดุชุฑุงู ,voice_offers
651, ุทุฑููู ุชูุนูู ุฎุฏูุฉ ูู ุฌูุฌุง  ููุฏู ููู ูุงุญุฏ ,data_offer
652, ุฎุฏูุงุช ุงูุงูุชุฑูุช ูุดุฑูุญู ุนุงุฏูู,data_offer
653, ุดุจูุชูู ุฐู ุงูุฒูุช.. ุฎุณุงุฑู ุฎุฏูู ุจุณ,complaint
654, ุฎุฏูุฉ ุงูุฃุณุจูุน ุงูุชุฑูุช,data_offer
655, ููุฏ ุฎุฏูุฉ ุงูุฃุณุจูุน ุงูุชุฑูุช ,data_offer
656, ุดุฑูุญุชู ุฏุงุชุง  ุงูุดุจูู 2gููุท,complaint
657, ุงูุณูุงู ุนูููู MTN ูุญูุง ูู ุงูุฌุฒูุฑุฉ ุงูุญุตุงุญูุตุง ูุฑููู ุงูุญุตุงุญูุตุง ุงูุฃูุชุฑูุช ูุงุทุน ูููู ูค ุฃูุงู ุฃุฑุฌู ุงูุฃูุงุฏุฉ ูุดูุฑุงู ,complaint
658, ูู ุงูุฌุฒูุฑุฉ ุฑูู ุงูุญุตุงุญูุตุง ุงูุดุจูุฉ ุทุงุดุฉ ูููุฑุฉ ุงูุฃูู ,complaint
659, ุนุฑูุถ ุงูุงูุชุฑูุช ุงูุดูุฑูุฉ,data_offer
660, ุงูุณูุงู ุนูููู. ุงูุง ูุฑุชุถู ูุญูุฏ ูู ููุงูุฉ ุนูุฏู ุดููู. ูุญู ุจูุนุงูู ูู ุงููุทุงุน ุงูุดุจูุฉ ูู ุญูุงูู ุงุณุจูุนูู. ูุญุงููุง ูุงุชูุฌุฏ ุดุจูุฉ ููุงู ููุฐ ููููู ูุชุชุงููููู ูุดูุฑุง,complaint
661, ุจุญุงูู ุงุชุตู ููู ูุง ุชูุฌุฏ ุดุจูุฉ.,complaint
662, ุจุฏุกุช ุงููุดููุฉ ูู ุงููุทุงุน ุงูุดุจูุฉ ู ููุงูุฉ. ุจุณุจุจ ุงููุทุงุน ุงูุชูุงุฑ ุงููุชูุฑุฑ. ูู ุงููุทุน ูุทุนุช ุงูุดุจูุฉ ูููู ุงูุชูุงุฑ ุงุณุชูุฑ.  ูููู ุงูุดุจูุฉ. ูู ุชุชุฃุชู ูู ูุงุณ ุจุชุดุชูู ูู ุงููุทุงุน ุงูุดุจูุฉ ูุงูุดุจูุฉ ุงููุญูุฏุฉ ุงููุง ูุชููุฑุฉ ูู mtn,complaint
663, ุงูุง ูุฑุชุถู ูุญูุฏ ูู ููุงูุฉ ุนูุฏู ุงูุดุจูุฉ ูู ุชููููู ูุงูุง ููุนู ุงูุนุฑุถ ุงููููู ููู ุฎุฏูุฉ ุงูุจูุงูุงุช ุจุชูุทุน ุทูุงูู ูุนุงู ูู ูุจู ูุชุฑุฉ ุฏูููุชูู ู ุจุชุนูู ุงูุญู ุดูู?,complaint
664, ุงูุณูุงู ุนูููู  ุนูุฏู ูุดููุฉ ูู ุงูุฑูู 0991270927 ูุงุจุณุชุทูุน ุงุดุชุฑู ูู ุงู ุนุฑุถ ุงูุชุฑูุช  ุจุชุฌููู ุงูุฑุณุงูุฉ ูุถูููุง ุงูู ุงูุฎุฏูุฉ ุบูุฑ ูุชุงุญุฉ ุงูุงู ุญุงูู ูุงุญูุง ,complaint
665, ุงูุณูุงู ุนูููู  ุจุณุชูุณุฑ ูู ุนุฑุถ ุงููููุง ููุฏุฉ ููู ุฑูุฒ ุงูุชูุนูู ูุงูุฑุณูู ุดุงููุฉ ุงูุถุฑูุจุฉ ,data_offer
666, ุทุฑููุฉ ุชูุนูู ุงูุชุฑูุช ุณุนุฉ ูก ุฌูุฌุง ููุฏุฉ ููู ูุฑุณูู ุงูุชูุนูู ,data_offer
667, ุงูุณูุงู ุนูููู  ููุนู ุดุฑูุญุฉ ุฏุงุชุง 5 ูููุง  ุญุงุจู ุงุนุฑู ุงูุงุณุชุฎุฏู ูู ูุงููุชุจูู ูู  ุจุงู ููุฏ ,my_sim
668, ุฑุณูู ุนุฑุถ 500mp ุจุงูููู ุดุงููุฉ ุงูุถุฑุจูุฉ ูู ุุ ,data_offer
669, ููุช ุดุบุงู ุจู ุนุฑุถ 5g ููุดูุฑ ุดุฑูุญุฉ ุจูุงูุงุช. ุงูุดุจูุฉ ูููุณุฉ ุงูุชูุช ูุนูุช  ุฎุฏูุฉ ุดูุฑ ุงูุจูุงูุงุช ูุงุจุชูุชุญ ูุนุงู ุงูุญู ุดูู ุงูุฑูู   0996006519,complaint
670, ููฺฉู ุงุนุฑู ุทุฑูู ุงุดุชุฑุงฺฉ ุงูุฎุฏูู ุงูุจูุงุช ุงูุดูุฑู ููุณุจ ูฅ ุฌุฌุง  ูุฑุณูู ุงุดุชุฑุงฺฉ ุงูุฎุฏูู,data_offer
671, ูููู ุทุฑููุฉ ุงุดุชุฑุงู 24 ุณุงุนุฉ ููููุงููุงุช ,voice_offers
672, ุทุฑู ุงุดุชุฑุงู ุงููุช 4G ูุดุฑูุญุฉ ุนุงุฏูุฉ ,data_offer
673, ุฑุณุงุฆู ุงูุชุฑููุฌ ุงูุตูุชูุฉ ุงูุชู ุชุจุซูููุง ุนูุฏ ุงูุงุชุตุงู ูุฒุนุฌุฉ ู ุจุชุฑูุน ุงูุถุบุท  ู ูุถูุนุฉ ููุฒูู .. ููููุง ุชุนุฏู ูุงุถุญ ุนูู ุงูุญููู .. ูุง ุฃุฎูุงูุง ุงูุง ูุง ุฏุงูุฑ ุงุณูุน ุบูุฑ ุงูุดุฎุต ุงูุงุชุตูุช ุจูู . ู ุนูู ุงูุนููู ุชุฑููุฌูู ููู (Over) ูุง ูุนููู ูู ูุฐุง ุงููู ูู ุงูุฑุณุงุฆู ุงูุตูุชูุฉ ู ุงููุตูุฉ ูููุถูุน ูุงุญุฏ ููุฑุฑ .. ,complaint
674, ุงุดุชุฑูุช ูููู ุดุฑูุญู ุฏุงุชุง ู ุงููุช ูุง ุจูุชูุดุท ูู ,complaint
675, ุงูุงูุชุฑูุช ุฑุฏุฆ ุฌุฏุง ุฌุฏุง ุฌุฏุง ููุง ูููููู ุชุญููู (ุตูุฑู) .. ุงูุชุฑูุช ูุฎุตุต ููุท ูุฑุณุงุฆู ุงููุงุชุณุงุจ,complaint
676, ุฑุณุงุฆู ูุตูุฉ ูุฒุนุฌุฉ ุฌุฏุง ุงุซูุงุก ุงูููู ููุซูุฑุฉ ูุง ุฏุงุนู ููุง.,complaint
677, ุงุนูุงูุงุช ูุจู ุงูููุงููุงุช ูุฒุนุฌุฉ,complaint
678, ุดุฑูุญุชู ุฏุงุชุง ูู ููู ูููุง ููู ุงุนุฑู ุงููุชุจููุ,my_sim
679, ุณุนุฉ ุงูุนุฑุถ ุงูุชุญููููู ูุงุญุฏ ูููุง ููุง ููุ ,data_offer
680, ุงุดุชุฑูุช ุดุฑูุญุฉ ุฏุงุชุง ูุฏูุนุช 270 ุฌููู ุนูู ุงุณุงุณ ุงูู ุงุญุตู ุนูู 1 ูููุง / ูููุ ุงูุจุงูุฉ ุฎูุตุช ููู ุงุนูุฏ ุงูุชูุดูุทุ,data_offer
681, ุงูุง ูุจู ุดููู ููุดุท 30 ูููุง #44*144*  ูุณู ูุง ุงุดุชุบู ูุนุงู ุงููุช ุงูุญุงุตู ุดูู ,complaint
682, ูู ุณุนุฑ ุดุฑูุญุฉ ุงูุจูุงูุงุช ุณุนุฉ 45 ูููุง,data_offer
683, ูู ุจุงูุฉ ุงูุชุฑูุช ุฏุงุชุง ุบูุฑ ูุญุฏูุฏูุ,data_offer
684, ุงูุณูุงู ุนูููู. ุจุณุงู ุนู ุฑูุฒ ููุนุฑูุฉ ุงููุชุจูู ูู ุงูุจุงูุฉ ูู ุดุฑูุญุฉ ุงูุจูุงูุงุช. ููุดุท ุงูุจุงูุฉ ุงูุฐูุจูุฉ ุงูุดูุฑูุฉ. ,my_sim
685, ุจุณุฃุงู ูู ุนุฑุถ ูููุง ูู ุงูููู ูุดุฑุงุฆุญ ุงูุฏุงุชุง ,data_offer
686, ุจุณุฃู ูู ุงูุงูุชุฑูุช  10 ูููุง ุจู ูู,data_offer
687, ุนุฑุถ ุบููุง ูู ููู,data_offer
688, ุนุฑุถ 1 ูููุง ุฏุงุชุง,data_offer
689, ุจุณุฃู ูู ุนุฑูุถ ุงูุฏุงุชุง,data_offer
690, ูุง ูููุฉ ุงุดุชุฑุงู ุบููุง ูู ุงูููู ููุฏู ุดูุฑ ,data_offer
691, ุนุฑุถ ุงูุฏุงุชุง ุจุงูุงุช,data_offer
692, ุนุฑูุถ ุงูุจุงูุงุช ููุฏุงุชุง 10 ุบููุง,data_offer
693, 4G,data_offer
694, ุงูุชุฑูุช 4G ,data_offer
695, ุดูุฎ ุดุจูุชูู ุชุนุจุงูู,complaint
696, ุจุณุฃู ูู ุทุฑููุฉ ุชูุนูู ุงู4G ,data_offer
697, ุงูุงูุชุฑูุช ุถุนูู ุฌุฏุงุงุงุงุงุงุงุงุงุง  ูุงูุง ุนูุฏู ุดุฑูุญู ุฏุงุชุง ุฎุท ูุฑุงุช ู ุจูุฏุฑ ุงููู ุงููููุง ุจุณุจุจ ุถุนู ุงูุดุจูู,complaint
698, ููู ุงุนุฑู ุฑููู ุดุฑูุญู ุฏุงุชุง ,my_sim
699, ุงูุงุดุชุฑุงู ุดูุฑ ุดุฑูุญู ุฏุงุชุง ุจู ูู ,data_offer
700, ุนุงูุฒ ุงุนุฑู ุงูููุฏ ุงูุจุนุฑู ุจููู ุจุงูู ูู ูู ุงูุญุตุฉ ุงูููููุฉ ,my_sim
701, ุนุงูุฒ ุงุณุฆู ุนู ุงูุฃุฌูุฒุฉ ุงู mifi,data_offer
702, ุงูุดุจูู ุนูุฏู ุจุชุธูุฑ ูุชุฎุชูู ููุญุฏู ,complaint
703, ุงุณุนุงุฑ ุงุฌูุฒุฉ ุงูุงูุชุฑูุช ูู ูู ูุชููุฑู ูู ูุฏูู ,data_offer
704, ุงุณุนุงุฑ ุงุฌูุฒุฉ ุงูุงูุชุฑูุช ูู ูู ูุชููุฑู ูู ูุฏูู ,service_centers
705, ุณุฏุฏุช ุงููุงุชูุฑุฉ ููู ุชุฑุฌุน ุงูุฎุฏูู ููุงุฐุง,complaint
706, ุณุฏุฏุช ุงููุงุชูุฑุฉ ูุงูุฎุฏูู ูุง ุฑุฌุนุช  ููู ุ ,complaint
707, ุจุณุงู ุนู ุชููู ุงูุงูุชุฑูุช ูู ุดุฑูุญุชู 0999758997  ููู ูุง ุจุชุดุบู ูุช ,complaint
708, ุจุณุงู ูู ุงููุงุชูุฑุฉ ุนูู ุดุฑูุญุชู  0999758997  ูู ,my_sim
709, ุญุงู ุชุนุฑู ุฎุฏูู ุงููุช ุงูุงูุญุฏู ,data_offer
710, ููุฌุฏ ูุฑุงูุฒ ูุชุงุญู ,service_centers
711, ุงุณุชูุณุงุฑ ุนู ูุฑุงูุฒ ุฎุฏูุงุช ุงููุดุชุฑููู ูุชุงุญู ,service_centers
712, ูุงุงุงุงุงุฎ ุงูุดุจูู ุฏู ุงูุญุงุงุงุตู ุนูููุง ุดููู  ูููุง ููููู ุทููู ูุงุงุงุฎ ู ูุนูููู ูููู ูุงููู  ูุง ููุงููุงุช ูุง ูุช,complaint
713, ูุญุฏ ุงูุงู ุงูุดุจฺฏู ู ุฑุฌุนุช ,complaint
714, ุนูุฏู ุดุฑูุญุฉ 0994639443 ู ุจุชุฌูุจ ุฑุณุงูุฉ ุงูุฑุตูุฏ. ู ุดูุฑุง ,my_sim
715, ุฏุงูุฑ ุงุนุฑู ุงุณุนุงุฑ ุจุงูุงุช ุงูุฏุงุชุง ,data_offer
716, ุงูุนุฑุถ ุงูุดูุฑู ููุชูุญ ููุง ูุนุชูุฏ ุนูู ุงูุงุณุชุฎุฏุงู ุงูุนุงุฏู ,data_offer
717, 0929035471  ุฑูุฒ puk ููุฑูู ุงุนูุงู ,my_sim
718, ุนุงูุฒ ุงุนุฑู ุฎุฏูุงุช ุงูุงูุชุฑูุช ุงูุดูุฑูุฉ ู ุงุณุนุงุฑูุง. ููุฏูุน ุงูููุฏู ู ุงูุจูุงูุงุช ,data_offer
719, ุนูุฏู ุดุฑูุญุฉ ุจูุงูุงุช ุฏูุน ุงุฌู  ููู ูุง ุดุบุงูุฉ ูููุณ  ููฉูฉูฆูจููฉูฆูจูข,complaint
720, ุนูุฏู ูุดููุฉ ูู ุดุจูุฉ ุงูุงูุชุฑูุช ,complaint
721, ุงููุช ูุงุทุน ูฃ ููู,complaint
722, ุจุณุงู ุนู ุดุจูุงุช ุงูุฌูู ุงูุฑุงุจุน ูุชููุฑุฉ ูู ุงููุฑุงูุฒ ,data_offer
723, ุจุณุงู ุนู ุดุจูุงุช ุงูุฌูู ุงูุฑุงุจุน ูุชููุฑุฉ ูู ุงููุฑุงูุฒ ,service_centers
724, ุฏุงูุฑ ุงุนุฑู ุจุงูุงุช ุงูุงูุชุฑูุช ุงูุฏูุน ุงูุงุฌู ,data_offer
725, ุงูุจูุงุชูููุฉ ++ ูู ูููุง ูู ุงูููู ,data_offer
726, ุงูุง ูุตุฏู ูู ูก ูููุง ูููู ู ูก.ูฅ ูููุง ูููู ู ูข ูููุง ูููู ู ูค ูููุง ูููู ุฏุงูุฑ ุงุนุฑู ุงูุงุณุนุงุฑ ,data_offer
727, ุงูุฑูู ุฏุง ุดุฑูุญุฉ ุจูุงูุงุช ู ุงููุช ูุง ุดุบุงู,complaint
728, ุดุฑูุญุฉ ุจูุงูุงุช ูุง ุดุบุงูุฉ ,complaint
729, ุนุฑูุถ ุงูุงูุชุฑูุช ุดุฑุงุฆุญ ุงูุจูุงูุงุช,data_offer
730, ุจุงูุฉ ุงูุจูุงุชููู ++ ุจูู ุดุงููุฉ ุงูุถุฑูุจุฉ  ูุน ููุฏ ุงูุชูุนูู ,data_offer
731, ุงูุง ุฏุงูุฑ ุงุดุชุฑู ูู ุจุงูุฉ ุงูุจูุงุชููู ูู ููุฏ ุงูุชูุนูู ,data_offer
732, ุงูุณูุงู ุนูููู ุงูุงุณุนุงุฑ ุงูุฌุฏูุฏุฉ ูุจุงูุงุช ุงูุจูุงูุงุช ,data_offer
733, ุจุณุชูุณุฑ ุนู ุงููุงู ูุงู ููุฑ ุฌู ,data_offer
734, ูุฑูุฒ ุดุงุฑุน ูุงุญุฏ ูุชููุฑ ุงูุนุฑุถ,service_centers
735, ุจุณุชูุณุฑ ูู ุชูุนูู ุฎุฏูู ูุฑุงูุจ ,voice_offers
736, 0923624913 ุนูุฏู ุฑูู ุงูุดุฑูุญู ุฏู ุงูุฑุณูุชู ูููู  ูุงูุง ุฎุงุฑุฌ ุงูุณูุฏุงู ููุงู ุดุบุงู ุชูุงู ุงูุชูุงู ูุณู ููู ูุงุนุงุฑู ุงูุฏุฑ ุงุดุบูู ูููู ููู ุฌุฏุง ุนูุฏู ูุงูู ูุดุบู ุจููู ูุนุธู ูุณุงุฆู ุงูุชูุงุตู ุงูุงุฌุชูุงุนู ,complaint
737, ุนูุฏู ุดุฑูุญุฉ  ูุงุนุงูุฒุฉ ุชุดุชุบูู ูุนุงู ูุงูุง ุฎุงุฑุฌ ุงูุณูุฏุงู ,complaint
738, ุฏุงูุฑ ุงุณุฃู ุนู ุจุงูุงุช ุดุฑูุญุฉ ุงูุฏุงุชุง ูุฃุณุนุงุฑูุง ,data_offer
739, ุฃุณุฃู ูู ูู ูุฏููู ุดุฑุงุฆุญ ุจูุงูุงุช ุบูุฑ ูุญุฏูุฏุฉ ,data_offer
740, ูู ูู ุงูุณุนุฉ ุงูุชู ุจุนุฏูุง ุชุชุทุจู ุงูุณูุงุณูุฉ  ุงูุตุฏ ุจุนุฏ ูู ููุบุง ุชูุทุจู ุงูุณูุงุณุฉ ,data_offer
741, ุทูุจ ุงููุฑู ุดูู ูู ุงูุฐูุจู ูุงูุจูุงุชููู ูุงูุนุงุฏูุ ,data_offer
742, ุทูุจ ุณุนุฑ ุงููุงููุงู ุงููุญููู ุจูู ,data_offer
743, ูู ุณุนุฑ ุงูุงุดุชุฑุงู ู6ุดููุฑ ูุน ูุงููุงู e5330 ,data_offer
744, ุนูุฏูุง ูุดููุฉ ุนุงูุฉ ูู ููุทูุชูุง ูุชุฑุงูุฌ ุดุจูุฉ ุงูู3G ุดุจู ุทุงุดูุฉ ุงููุดููุฉ ุฏู ูููุง ูุฑูุจ ุงูุฃุณุจูุน ูููุขู ูุง ุงุชุญูุช ุงููุดููุฉ ,complaint
745, ุนูุฏู ุงุณุชูุณุงุฑ ุจุฎุตูุต ุดุฑูุญุฉ ุงูุฎุท  ุงูุงูุชุฑูุช ูููุง ุจูุทุน ูุฑุงุช ููุงุฆู ูุง ุจูุฏุฑ ุงุนูู ุงู ุดู ููุง ุชุตูุญ  ุงููุดููุฉ ูููุง ุดููุ,complaint
746, ุนูุฏู ูุดููุฉ ูู ุงููุช ุจูุทุน ุงูุชููุงุชูู ูุน ุงูู ุงูุดุจูุฉ ูููุณุฉ ,complaint
747, ุงููุช ุนูุฏู ูุงุทุน ูู ููููู ุฃูุณ ูุงููููุฉ ,complaint
748, ุจุณุฃู ุนู ุทุฑููุฉ ุชูุดูุท ุงููฅุบูุบุง  ุงูููุฏ ุดูู ,data_offer
749, ุจุณุฃู ุนู ุญุงูุฉ ุงูุดุฑูุญุฉ ุงูุขู ุจุฃู ุจุงูุฉุ ,my_sim
750, ุนุงูุฒ ุงุดุชุบู 4G ูู ุงูุดุฑูุญุฉ ุจุณ ูุง ุจุชุชุณุฌู ุนูู ุงูุดุจูุฉ ,my_sim
751, ุงูุจุงูู ูู ุบูุบุง ูู ุงูุฅูุชุฑูุช  ูุงูุฑุตูุฏ ุงูุญุงูู ูู ูู ุงูุดุฑูุญุฉ ,my_sim
752, ุจุณุฃู ุนู ุนุฑูุถ ุงูุงูุชุฑูุช ุงููููู ูุดุฑูุญุฉ ุงูุจูุงูุงุช ,data_offer
753, ุจุงููุณุจุฉ ููุดุฑุงูุญ ุงูุนุงุฏูุฉ ุงูุจุงูุงุช ุงูููููุฉ ุดูู ,data_offer
754, ุงููุช ุนูุฏู ุจูุตู ู ูุดุชุบู ุจุงุณุชูุฑุงุฑ  ุงููุดููุฉ ุฏู ูู ุญูุงูู ูุต ุณุงุนุฉ,complaint
755, ูุดุท ุฎุฏูุฉ 5 ุบูุบุง ูุงูุฑุณูู ุงุชุฎุตูุช ูุงูุฎุฏูุฉ ูุง ุงุชูุนูุช ,complaint
756, ุจุณุฃู ุนู ุทุฑููุฉ ุชูุดูุท 5 ูููุง ,data_offer
757, ุดุฑูุญุฉ ุงูุจูุงูุงุช ูุง ูุงุฏุฑ ุงุณุชูุจู ูููุง ุฑุณุงุฆู ููุงุฆู,complaint
758, ุจุณุฃู ุนู ุงูุดุฑูุญุฉ ุฏู ุฑุตูุฏูุง ูู  0926833868 ,my_sim
759, ุนูุฏู ุฑูู ุนุงูุฒ ุฑูุฒ ุงูู puk ุญูู โญ0999445558โฌ,my_sim
760, ุนุงูุฒ ุนุฑูุถ ุงูุฃูุชุฑูุช,data_offer
761, ุนูุฏู ูููุง ูู ุงูุดูุฑุ ,data_offer
762, ุนุงูุฒุฉ ุงุนุฑู ุงูุชุดูุท ูู ุงูุดุฑูุญู ุงูุนุงุฏูู ุดูุฑ ููู ,data_offer
763, ุงูุญุตู ุงูููููู ูู ูู 5 ูููุง,data_offer
764, ูุนุฑูู ุงููุชุจูู ูู ุงูููุบุงุจุงูุช ,my_sim
765, ุดุฑูุญุชู mtnู ุจุชุณุชูุจู ููุงููุงุช ,complaint
766, ููู ูููู ุงุบูุฑ ุงูุดุฑูุญู ูู 4G ,my_sim
767, ุนุฑูุถ ุดุฑูุญู ุงูุฏุงุชุง ,data_offer
768, ุนุงูุฒู ุงุนุฑู ุฑูู  PUK ,my_sim
769, ููู ูุนุฑูู ุฑูู  puk ,my_sim
770, ููู ุงูุดุท ุงููุช,data_offer
771, ููู ุงุนุฑู ุฑูุฒ puk ,my_sim
772, ูุง ูุดููุฉ ุงูุฅูุชุฑูุช ูู ุดุฑุงุฆุญ ุงูุฏุงุชุง ูู ูุฐู ุงููุชุฑุฉุ ,complaint
